2.179048420391237052e-14 3.246966324966746846e-14 4.806412733380741427e-14 7.068560678723355021e-14 1.032851186469322597e-13 1.499560881205989062e-13 2.163333288041929581e-13 3.101109158021674579e-13 4.417012236783964367e-13 6.250588998409279129e-13 8.786732532631184534e-13 1.226711473350215707e-12 1.700233522814769092e-12 2.338281871817081180e-12 3.188484956784435006e-12 7.980664184439372399e-12 1.108763167238047353e-11 1.524356971770220761e-11 2.069752419930759413e-11 2.768305469846026221e-11 3.635833455530371491e-11 4.672764301777564559e-11 5.857995320500080283e-11 7.151506943369581556e-11 8.511579748523586635e-11 9.920986813906750500e-11 1.140428342691870043e-10 1.302495718618307242e-10 1.846494026112709444e-10 2.832549569965041954e-10 4.345460452932851315e-10 6.646157310345230800e-10 1.009387332412918172e-09 1.515056813387145371e-09 2.235219761021484332e-09 3.222279742866469759e-09 4.511855812149957719e-09 6.103189523361759437e-09 7.945500858987243918e-09 9.943021072095705787e-09 1.198096312255585016e-08 1.395661616006649332e-08 1.579701759042985591e-08 1.746070798607812963e-08 1.893279496337802664e-08 2.021952151079805185e-08 2.134242416807126480e-08 2.233158163728427278e-08 2.321902826465267495e-08 2.403399381232634442e-08 2.480058939806649808e-08 2.553734097780021124e-08 2.625788136611490804e-08 3.156808609864301798e-08 4.394932471842267670e-08 6.065250030438563724e-08 8.289869421208328085e-08 1.120747330276617802e-07 1.496281451661813707e-07 1.968574791645914629e-07 2.545649132221373076e-07 3.225739019039367517e-07 3.992035246761480202e-07 4.809440365569170624e-07 5.627097484347194637e-07 6.389232747972362752e-07 7.051333722628084539e-07 7.592381656870921911e-07 8.015435971362737720e-07 8.338430012152573179e-07 8.583395648306025745e-07 8.769696396652350181e-07 8.911706340280140552e-07 9.019054579068314536e-07 9.097730618658720844e-07 9.151244403302021003e-07 9.181535864971401913e-07 9.189624694405859090e-07 9.176065203220984113e-07 9.141252524450123457e-07 9.085668021638257361e-07 9.010101376932783224e-07 8.915840539710856128e-07 9.612159296758654589e-07 1.332822379413797135e-06 1.834177032043841218e-06 2.505455838444848661e-06 3.397616773116934222e-06 4.574842492417628108e-06 6.117440886017342526e-06 8.125271801088835584e-06 1.072177316045731270e-05 1.405864907790166276e-05 1.832128183319160720e-05 2.373486559447153380e-05 3.057122565545944258e-05 3.915615210628682413e-05 4.987708370908673769e-05 6.319076325639768320e-05 7.963066253134195769e-05
2.282827039253211059e-14 3.401621975858890654e-14 5.035383033121400443e-14 7.405376817583702071e-14 1.082083748192822875e-13 1.571076712003233338e-13 2.266582351051863713e-13 3.249275099200813133e-13 4.628376830480104980e-13 6.550355332773073466e-13 9.209446163539563989e-13 1.285986215026419709e-12 1.782894519519737880e-12 2.452933812916490194e-12 3.346661459333578702e-12 8.370546288359970558e-12 1.163941967838476158e-11 1.602063562531030681e-11 2.178581647738025032e-11 2.919698071274763383e-11 3.844530024669843129e-11 4.956697322908578414e-11 6.236912670448394268e-11 7.643780981153441861e-11 9.130038323871824258e-11 1.067065665295600530e-10 1.228456895640019406e-10 1.403504588476545523e-10 1.906394279608537612e-10 2.920064227397588122e-10 4.474709546258132394e-10 6.839955553306524892e-10 1.038984440039433554e-09 1.561116441241584394e-09 2.307977710116737580e-09 3.337912243307617084e-09 4.694320890549803391e-09 6.384620466247844271e-09 8.363374407337562281e-09 1.053361227020074470e-08 1.277174966340371795e-08 1.496189227443752403e-08 1.701820081344601449e-08 1.888919999595922154e-08 2.055308527146123443e-08 2.201199195555607168e-08 2.328605549559886348e-08 2.440639528995434037e-08 2.540780086546441798e-08 2.632302022168641582e-08 2.717965684043009586e-08 2.799924440774143440e-08 2.879778721038459996e-08 3.309534648983487588e-08 4.610186335187081795e-08 6.366634128922158556e-08 8.709176611789823282e-08 1.178713848143157972e-07 1.575879138755433054e-07 2.077054434067170690e-07 2.692161498475317219e-07 3.421357444468266996e-07 4.249264829744953958e-07 5.140830959441525394e-07 6.042756536979333003e-07 6.893772924976908510e-07 7.641832719480090269e-07 8.258966136881813407e-07 8.744333164651247310e-07 9.115516228012468335e-07 9.396485095325243906e-07 9.609259993897579303e-07 9.770618762358183314e-07 9.892004970080459593e-07 9.980644908901562021e-07 1.004083990940602344e-06 1.007501438018006455e-06 1.008447548076424242e-06 1.006994651027408957e-06 1.003192460460109516e-06 9.970960906047109618e-07 9.887906645577165375e-07 9.784107441724167691e-07 1.006905786942359380e-06 1.396141624866136791e-06 1.921254590586629981e-06 2.624299756098450192e-06 3.558606715301430242e-06 4.791327442208420499e-06 6.406459190198671546e-06 8.508412907310228414e-06 1.122620329415923930e-05 1.471832672608950590e-05 1.917839470384010930e-05 2.484152709384692369e-05 3.199147802916339187e-05 4.096833017329119857e-05 5.217660008803507289e-05 6.609336592696210414e-05 8.327619493892746117e-05
2.391547155374932354e-14 3.563641672677485258e-14 5.275255928367806316e-14 7.758230718123553325e-14 1.133660557899376160e-13 1.645997830878264926e-13 2.374747720842273943e-13 3.404496149841641444e-13 4.849805939912393283e-13 6.864395953919457601e-13 9.652289626709514590e-13 1.348083943063509261e-12 1.869493103312238489e-12 2.573049490631936761e-12 3.512381928825455802e-12 8.778423416520461305e-12 1.221679257914397450e-11 1.683395303094143630e-11 2.292534498144023496e-11 3.078324399183555397e-11 4.063448403910265946e-11 5.255111344395044387e-11 6.636373294868957999e-11 8.165003385417196518e-11 9.788351366278847692e-11 1.147295055244321007e-10 1.323085460767622645e-10 1.512403283651505528e-10 1.968866102051276856e-10 3.011133260749885514e-10 4.608794247521347478e-10 7.040215110961611571e-10 1.069430379734956995e-09 1.608283475639327093e-09 2.382212777145722890e-09 3.455671194794349632e-09 4.880264901303036701e-09 6.672443107527826568e-09 8.793430514410763081e-09 1.114640779184039792e-08 1.359956699727913691e-08 1.602318089173819651e-08 1.831710021351371255e-08 2.041835008097272041e-08 2.229699188200370984e-08 2.395005649925769725e-08 2.539549151676451540e-08 2.666497356074045541e-08 2.779592847154190478e-08 2.882481055041254478e-08 2.978307809009453813e-08 3.069568143037747352e-08 3.158137095053743743e-08 3.469315782839806239e-08 4.835482758695719793e-08 6.682184743830552523e-08 9.148318072570080177e-08 1.239439878692317159e-07 1.659296248919951668e-07 2.190799466119536862e-07 2.845913550084126529e-07 3.626917574446592049e-07 4.520138343992275592e-07 5.490902663697801881e-07 6.483770245121554977e-07 7.432015696675105725e-07 8.275570216136595680e-07 8.978517877162892099e-07 9.535045133934482012e-07 9.961711464896056177e-07 1.028428236976968131e-06 1.052763973422567556e-06 1.071128646878853800e-06 1.084877990965639767e-06 1.094881231121546567e-06 1.101663510322864137e-06 1.105526091853934924e-06 1.106634994885762060e-06 1.105083533468639505e-06 1.100934181185362915e-06 1.094250710580120348e-06 1.085124007109728402e-06 1.073700270079944782e-06 1.060207559135333447e-06 1.462475829566957759e-06 2.012478326333067061e-06 2.748802302725497626e-06 3.727261796704163254e-06 5.018119257687420755e-06 6.709236476014496795e-06 8.909791149752312419e-06 1.175463813981197133e-05 1.540938523512410570e-05 2.007625689910832873e-05 2.600075661794985069e-05 3.347911002336370644e-05 4.286633172782865686e-05 5.458476683536320483e-05 6.913270992076616338e-05 8.709286051806750027e-05
2.505444061859270686e-14 3.733376059981697335e-14 5.526550554306987962e-14 8.127886030089422934e-14 1.187693238608022781e-13 1.724486382824660411e-13 2.488063489928765449e-13 3.567108240809020957e-13 5.081778784052525159e-13 7.193390511531258210e-13 1.011622132816757127e-12 1.413139049963345591e-12 1.960216691738962990e-12 2.698888860873227928e-12 3.686005021427324457e-12 9.205102889852015851e-12 1.282090055246434426e-11 1.768515213789444807e-11 2.411840683208051762e-11 3.244505997957658744e-11 4.293035761546954436e-11 5.568627044603204795e-11 7.057250257754474634e-11 8.716449670527789106e-11 1.048846520751013056e-10 1.233084426693575542e-10 1.424744513376617088e-10 1.629765613253007839e-10 2.034038953392279030e-10 3.105942354935223254e-10 4.747979193426216722e-10 7.247308238836699184e-10 1.100776138716042982e-09 1.656624146985112052e-09 2.458002253991401935e-09 3.575627304204164442e-09 5.069712428498996955e-09 6.966582733533211109e-09 9.235489362223280298e-09 1.178128817051046254e-08 1.446477961461465358e-08 1.714192549977375285e-08 1.969680381058029643e-08 2.205330467502900403e-08 2.417198290189872940e-08 2.604364578266340715e-08 2.768314261507634564e-08 2.912209455205971001e-08 3.040034044780336008e-08 3.155817593545143101e-08 3.263127530556155174e-08 3.364844703119927226e-08 3.463160849913225904e-08 3.636455613290335300e-08 5.071267279118631825e-08 7.012543176857248654e-08 9.608203236710865528e-08 1.303052838533499556e-07 1.746709448520532303e-07 2.310052526164511077e-07 3.007235629332985539e-07 3.842866014657764963e-07 4.805258495546950426e-07 5.860477064721256035e-07 6.951288923626190488e-07 8.005625051445389175e-07 8.954975079635119429e-07 9.754464024171582084e-07 1.039210153680121530e-06 1.088258579805460582e-06 1.125322477937513807e-06 1.153193600818241346e-06 1.174128979487603299e-06 1.189729549934791230e-06 1.201037785248776302e-06 1.208692608895898109e-06 1.213066515357011953e-06 1.214368735332067360e-06 1.212718526924403183e-06 1.208194244007410490e-06 1.200870361908186362e-06 1.190846363754678657e-06 1.178277208372560371e-06 1.163399913960586347e-06 1.531968554484907908e-06 2.108045666347201593e-06 2.879232927555186909e-06 3.903947021451872815e-06 5.255708761720168848e-06 7.026428010723356754e-06 9.330275176547107055e-06 1.230822128701492979e-05 1.613332004632684911e-05 2.101681115752667981e-05 2.721506186451725534e-05 3.503733836008818817e-05 4.485425763239289177e-05 5.710678012994501726e-05 7.231533919847895773e-05 9.108885018286739090e-05
2.624764255467739790e-14 3.911192478536782676e-14 5.789810765143525633e-14 8.515142765001278793e-14 1.244298728357043278e-13 1.806712233508377867e-13 2.606774897369800326e-13 3.737463298727158058e-13 5.324797400722489964e-13 7.538051018741596279e-13 1.060224531330231562e-12 1.481292328613417308e-12 2.055261629710661108e-12 2.830724266762694660e-12 3.867906495925065383e-12 9.651427046106509442e-12 1.345294396871677333e-11 1.857593490329445479e-11 2.536740147585604346e-11 3.418578951399287441e-11 4.533759717624285360e-11 5.897893034718539921e-11 7.500452335703888200e-11 9.299437359854484527e-11 1.123237865039658960e-10 1.324740394152748801e-10 1.533882696125326999e-10 1.756197645435423479e-10 2.102048027957030313e-10 3.204685421476282466e-10 4.892540931925185275e-10 7.461624797018733752e-10 1.133075395086718762e-09 1.706208971858234784e-09 2.535430471425504778e-09 3.697862677030122404e-09 5.262704534860911309e-09 7.266981384688371213e-09 9.689370686066429434e-09 1.243808882825523452e-08 1.536765183066533616e-08 1.831944988232365946e-08 2.116033111629800269e-08 2.379926305777145999e-08 2.618575319251260703e-08 2.830313174063652742e-08 3.016210915581587371e-08 3.179349752608120685e-08 3.323920187706981944e-08 3.454342180720370334e-08 3.574639497422814721e-08 3.688125787677949734e-08 3.797356406674499162e-08 3.904216843117562389e-08 5.318002057644889777e-08 7.358376687725233379e-08 1.008978037473018931e-07 1.369685792201746427e-07 1.838303454901864963e-07 2.435067555889392249e-07 3.176473728733504577e-07 4.069670653597061380e-07 5.105256054656349204e-07 6.250410861512888849e-07 7.446504206250253760e-07 8.616314445999513890e-07 9.682548978295629794e-07 1.059036284054823419e-06 1.132026308679183900e-06 1.188406514648347863e-06 1.231022909893640232e-06 1.262983327358549890e-06 1.286887308698162493e-06 1.304618919139912361e-06 1.317424737575480675e-06 1.326079604253814713e-06 1.331042055136632161e-06 1.332574053264469056e-06 1.330826810722671022e-06 1.325898357796049138e-06 1.317876357627518654e-06 1.306870649917421465e-06 1.293046420354204600e-06 1.276650816799261859e-06 1.604770196276366058e-06 2.208163438151177619e-06 3.015873909415495400e-06 4.089044772610325711e-06 5.504610145765966440e-06 7.358720257512165730e-06 9.770774986245402607e-06 1.288815075600493672e-05 1.689169776475280511e-05 2.200209264583928356e-05 2.848706981256702306e-05 3.666953275404079076e-05 4.693640383565726254e-05 5.974808353720351963e-05 7.564810978015759841e-05 9.527274646589997545e-05
2.749765970091108826e-14 4.097475760316419335e-14 6.065606311113924217e-14 8.920839027544988696e-14 1.303599533282359996e-13 1.892853336892624526e-13 2.731138859515359242e-13 3.915930007622515950e-13 5.579387733109540813e-13 7.899123393079446431e-13 1.111141343982916993e-12 1.552691276992353413e-12 2.154833614434976677e-12 2.968841028050286555e-12 4.058480026985048388e-12 5.500484601920869927e-12 1.411417544906681601e-11 1.950807797488116252e-11 2.667483487033259152e-11 3.600894483049036063e-11 4.786109230220713487e-11 6.243587247708595808e-11 7.966926261310750604e-11 9.915329052729260233e-11 1.202214512328097413e-10 1.422578479723121519e-10 1.650966547857287030e-10 1.892338128815829427e-10 2.173034507233106671e-10 3.307564950304784031e-10 5.042768396240842816e-10 7.683572857965659600e-10 1.166384590390865001e-09 1.757112833606468321e-09 2.614588899441815034e-09 3.822471049879536714e-09 5.459299589366363098e-09 7.573600413540670876e-09 1.015489920722787266e-08 1.311660643209839909e-08 1.630834796940379809e-08 1.955694584937858004e-08 2.271061067719067393e-08 2.566145334843874495e-08 2.834620674584082015e-08 3.073932143256155590e-08 3.284619148022041908e-08 3.469591503419127024e-08 3.633197357825298052e-08 3.780243900647118706e-08 3.915243001151972440e-08 4.041990277943745737e-08 4.163456521225011040e-08 4.281855292966920756e-08 5.576166029997606061e-08 7.720379067441226504e-08 1.059403776801575425e-07 1.439477652528941876e-07 1.934271350201106422e-07 2.566110269142890399e-07 3.353990176162086671e-07 4.307821665817121774e-07 5.420791356751895297e-07 6.661598115641146058e-07 7.970652061718095725e-07 9.265849577452117632e-07 1.046086685600543512e-06 1.148990164980208159e-06 1.232452153725580099e-06 1.297244044618051295e-06 1.346271480956780061e-06 1.382963812117448055e-06 1.410299554798117158e-06 1.430488042802151991e-06 1.445015516900801214e-06 1.454818760660758440e-06 1.460459988445109831e-06 1.462265336480856368e-06 1.460425239564038601e-06 1.455062014655730670e-06 1.446279527978245110e-06 1.434200092527908501e-06 1.418998584437248823e-06 1.400940449704337420e-06 1.681038312773949186e-06 2.313048317341417765e-06 3.159020967640570031e-06 4.282955639734890895e-06 5.765362082679473935e-06 7.706832361100438228e-06 1.023224389711293781e-05 1.349568159005460117e-05 1.768615954865906064e-05 2.303423336098952542e-05 2.981953240162444520e-05 3.837922319176248893e-05 4.911727064213224455e-05 6.251437973996978002e-05 7.913820450542001777e-05 9.965354199920025736e-05
2.880719735621606032e-14 4.292629061359674849e-14 6.354534071545427811e-14 9.345852829406345252e-14 1.365723992746470069e-13 1.983096120367498709e-13 2.861424526027726499e-13 4.102894606833239711e-13 5.846100768017391354e-13 8.277389070791410667e-13 1.164482765423110964e-12 1.627490417386634295e-12 2.259148140589435433e-12 3.113538058611809431e-12 4.258138057184335396e-12 5.774549728628391517e-12 1.480590200413868641e-11 2.048343574212702193e-11 2.804332382948391617e-11 3.791819578035223955e-11 5.050595507380231415e-11 6.606418353117013379e-11 8.457659015203468789e-11 1.056553570989218333e-10 1.285987541756841328e-10 1.526923033773672494e-10 1.776480176393930239e-10 2.038858751347386841e-10 2.324814626776496081e-10 3.414792378630708795e-10 5.198963404838027049e-10 7.913579353563567992e-10 1.200763007857669697e-09 1.809415069962563153e-09 2.695576250942623133e-09 3.949558002294561321e-09 5.659574001366670044e-09 7.886422853719889351e-09 1.063191004908333081e-08 1.381660611877022935e-08 1.728693444852165056e-08 2.085546239499133764e-08 2.435045693651656781e-08 2.764510585041455501e-08 3.066143569947707030e-08 3.336344763634876733e-08 3.574989693142794757e-08 3.784710259236616616e-08 3.969947104053467393e-08 4.135879632804198480e-08 4.287534664729536153e-08 4.429240161374611998e-08 4.564438985397864708e-08 4.695724660607010683e-08 5.846254980546671513e-08 8.099271149223638889e-08 1.112200484464405085e-07 1.512573380984528341e-07 2.034814900373605038e-07 2.703458632905253231e-07 3.540164340417754245e-07 4.557832543901034795e-07 5.752555840681509468e-07 7.094972566824442209e-07 8.525016000055345903e-07 9.956051631675992687e-07 1.129257804443012171e-06 1.245689486583268126e-06 1.341009865941573526e-06 1.415437530028269315e-06 1.471862651376234228e-06 1.514031808978287485e-06 1.545338462401350070e-06 1.568363540051295230e-06 1.584873693391150742e-06 1.595998148721741001e-06 1.602423753897550820e-06 1.604554539731022262e-06 1.602628939810519012e-06 1.596799147135473901e-06 1.587188885599307619e-06 1.573935487115841455e-06 1.557227383593265064e-06 1.537344455056518791e-06 1.760937963973196718e-06 2.422927296517989066e-06 3.308983902066126004e-06 4.486099285823915694e-06 6.038528892496126744e-06 8.071517704077462419e-06 1.071568061018942995e-05 1.413212857130824224e-05 1.851842466039373109e-05 2.411546674183857037e-05 3.121533248176078332e-05 4.017010755835418074e-05 5.140157242515912397e-05 6.541164283113364811e-05 8.279314850021957247e-05 1.042406588765373051e-04
3.017908963436315057e-14 4.497074734285174262e-14 6.657219346627998293e-14 9.791103989472407457e-14 1.430806557091718898e-13 2.077635888217931349e-13 2.997913862377769327e-13 4.298761726912044079e-13 6.125513728317141828e-13 8.673666698033582314e-13 1.220364237660205745e-12 1.705851630809373832e-12 2.368430966698100327e-12 3.265128513366908094e-12 4.467312689653974490e-12 6.061690817789894594e-12 1.552948725605747910e-11 2.150394350593288363e-11 2.947560053578656164e-11 3.991737627501537511e-11 5.327752946557424337e-11 6.987127199800668632e-11 8.973680161497103244e-11 1.125152013092258121e-10 1.374774100523713547e-10 1.638107221694351442e-10 1.910924894028622309e-10 2.196464231127745432e-10 2.505433848747166501e-10 3.526588477376394618e-10 5.361441188081448426e-10 8.152090762640189698e-10 1.236272856583421918e-09 1.863199568313257844e-09 2.778498590673169504e-09 4.079241153118325763e-09 5.863622870084428493e-09 8.205455592692631210e-09 1.112025405572003209e-08 1.453782944797028269e-08 1.830338381951917788e-08 2.221589667985679919e-08 2.608254682006355741e-08 2.975542379489578957e-08 3.313969572284602863e-08 3.618715587158655783e-08 3.888844360952536162e-08 4.126586552967306187e-08 4.336392175371729451e-08 4.523783391982836912e-08 4.694321567914273000e-08 4.852917259396663336e-08 5.003546557204952795e-08 5.149241250105724560e-08 6.128781527430233226e-08 8.495801242968942740e-08 1.167475326330294021e-07 1.589124186667251444e-07 2.140144878337960652e-07 2.847403359669897449e-07 3.735393357100606968e-07 4.820241160035233654e-07 6.101273625408278212e-07 7.551510010775527621e-07 9.110930451088692727e-07 1.068880099275367197e-06 1.218040808701745448e-06 1.349528229549577604e-06 1.458244432766234577e-06 1.543691196223072028e-06 1.608645520016756743e-06 1.657154093015104090e-06 1.693059180685149371e-06 1.719363602157385606e-06 1.738160837850190117e-06 1.750808170051485228e-06 1.758141916461618511e-06 1.760660427831299156e-06 1.758660714308544452e-06 1.752331610491861060e-06 1.741821121689274814e-06 1.727284660833046325e-06 1.708926558947802179e-06 1.687040624471373079e-06 1.844642069255412747e-06 2.538038176542032141e-06 3.466087263497947172e-06 4.698915355551215085e-06 6.324701763724299063e-06 8.453565537340421347e-06 1.122213137057473956e-05 1.479886906593123883e-05 1.939029418638633719e-05 2.524813250058808680e-05 3.267749004730623386e-05 4.204605962825444548e-05 5.379424780428589402e-05 6.844613119485291604e-05 8.662082538418319517e-05 1.090439689398997836e-04
3.161630559758701767e-14 4.711255242350560822e-14 6.974317210694760021e-14 1.025755612451201246e-13 1.498988078618983092e-13 2.176677244303034555e-13 3.140902260077223800e-13 4.503955265331413708e-13 6.418231322178383497e-13 9.088813902593192795e-13 1.278906699905379670e-12 1.787944507344861923e-12 2.482918603721136292e-12 3.423940466016792618e-12 4.686456623267649008e-12 6.362529309096980130e-12 1.628635374689710306e-11 2.257162077127065817e-11 3.097451722549162638e-11 4.201049096666945316e-11 5.618140103456288995e-11 7.386488289095926674e-11 9.516064223235050382e-11 1.197480059796944213e-10 1.468797791972267893e-10 1.756473089170679313e-10 2.054818837776200399e-10 2.365892238911191710e-10 2.700167792608231757e-10 3.643183755684043836e-10 5.530530942325455522e-10 8.399573840136375740e-10 1.272979361882752539e-09 1.918554869203453751e-09 2.863469451139620862e-09 4.211650346352183271e-09 6.071560559054195983e-09 8.530731347007847826e-09 1.161980294266879919e-08 1.528000292921726441e-08 1.935758075984144244e-08 2.363898722009695848e-08 2.790939652782480167e-08 3.199755161851850503e-08 3.578937752328881019e-08 3.922248747958728714e-08 4.227776052490089712e-08 4.497208263817433612e-08 4.734902040563973319e-08 4.946675690972060216e-08 5.138634757321168240e-08 5.316320771360492345e-08 5.484308144954146778e-08 5.646131911403219194e-08 6.424275004354988928e-08 8.910745477318851986e-08 1.225339792899093682e-07 1.669287722391988672e-07 2.250481389895164776e-07 2.998248410285350895e-07 3.940092874509886374e-07 5.095610857862240647e-07 6.467703126539832139e-07 8.032230736867702295e-07 9.729784298081569277e-07 1.146604139118462471e-06 1.312716133082323893e-06 1.460912790843676030e-06 1.584723387128042235e-06 1.682747554931573954e-06 1.757525802182639475e-06 1.813371396516789068e-06 1.854605066675454516e-06 1.884705316083810465e-06 1.906144971187200449e-06 1.920550791685727579e-06 1.928937925240446081e-06 1.931918665955385328e-06 1.929861328592751801e-06 1.922999565941914677e-06 1.911511013784240983e-06 1.895572847525778103e-06 1.875408076461066230e-06 1.851328941710678660e-06 1.932331781619675852e-06 2.658630081184310988e-06 3.630671056104375911e-06 4.921864426743013665e-06 6.624500032786953711e-06 8.853802688161479474e-06 1.175269223161836414e-05 1.549734600472765409e-05 2.030365493428472451e-05 2.643468168435332495e-05 3.420916876771099192e-05 4.401113743734793622e-05 5.630047030906387614e-05 7.162440100433213402e-05 9.062949425402739721e-05 1.140738150350828576e-04
3.312195568225921234e-14 4.935634117035730176e-14 7.306513929940194166e-14 1.074621873464453259e-13 1.570416116421572624e-13 2.280434534861742274e-13 3.290699175967847494e-13 4.718919303886580254e-13 6.724887051784440171e-13 9.523729149974943219e-13 1.340236850309426085e-12 1.873946713177179635e-12 2.602858826914857087e-12 3.590317619068779607e-12 4.916044132400421515e-12 6.677716285464828956e-12 1.707798533664728155e-11 2.368857466726916977e-11 3.254305105370014060e-11 4.420172217578069334e-11 5.922340692148128820e-11 7.805311281191170295e-11 1.008593309609845105e-10 1.273695466189381308e-10 1.568289117204656679e-10 1.882371716408111752e-10 2.208696599084998589e-10 2.547913158200057218e-10 2.910041270124206220e-10 3.764818884019026896e-10 5.706576412196845388e-10 8.656516389134805529e-10 1.310950862034014598e-09 1.975574278616532229e-09 2.950609957098411129e-09 4.346927831142883660e-09 6.283521205433956860e-09 8.862310443769410012e-09 1.213045422110971635e-08 1.604284695903672003e-08 2.044932995582739656e-08 2.512530963002894033e-08 2.983333908284968759e-08 3.437654101195102606e-08 3.861897425475544395e-08 4.248185835174308115e-08 4.593448378044556110e-08 4.898672624917456649e-08 5.167998141599599311e-08 5.407472858471320828e-08 5.623743079336732929e-08 5.823025602841330482e-08 6.010561259957207758e-08 6.190460081235876913e-08 6.733281223410671584e-08 9.344908031448372341e-08 1.285909792181393527e-07 1.753228276067026435e-07 2.366054200813722665e-07 3.156311506009808517e-07 4.154697818967066124e-07 5.384531575042054919e-07 6.852638714109808588e-07 8.538202024527506477e-07 1.038302455147451692e-06 1.228978446316644379e-06 1.413572432289613329e-06 1.580261926506844917e-06 1.721036489874369910e-06 1.833387643416114101e-06 1.919467624946256377e-06 1.983802314266360197e-06 2.031213686843228517e-06 2.065712415228238333e-06 2.090209629853017240e-06 2.106649536855869610e-06 2.116260725414094193e-06 2.119792829148586252e-06 2.117700756835740999e-06 2.110272847747908295e-06 2.097722828904444478e-06 2.080254062548882247e-06 2.058111535549501885e-06 2.031628660408416786e-06 2.024196879734022911e-06 2.784963996278827008e-06 3.803091473253065009e-06 5.155429007158742120e-06 6.938572524382083655e-06 9.273095349580633631e-06 1.230851142691233297e-05 1.622907100567592799e-05 2.126048351566992895e-05 2.767768197783303095e-05 3.581368282967504980e-05 4.606959205450691063e-05 5.892565955235218235e-05 7.495332036550067393e-05 9.482780748021464275e-05 1.193410332833252685e-04
3.469929843052368522e-14 5.170696961221998970e-14 7.654528447643864290e-14 1.125814938810941446e-13 1.645245255734005522e-13 2.389132312402945482e-13 3.447628801950814635e-13 4.944119069781517860e-13 7.046144584363722621e-13 9.979353687868475430e-13 1.404487420164089219e-12 1.964044375097130190e-12 2.728511212069917322e-12 3.764620047684217196e-12 5.156572093378199587e-12 7.007933882219994100e-12 1.790592969389336381e-11 2.485700349936239320e-11 3.418430914601779066e-11 4.649543707621768536e-11 6.240964618351733110e-11 8.244442537698049786e-11 1.068445850019632421e-10 1.353962304948428108e-10 1.673485966486212564e-10 2.016163469317313514e-10 2.373108889501348856e-10 2.743329695522170648e-10 3.136136328683664454e-10 3.891745136405346740e-10 5.889936501845834669e-10 8.923428076945835761e-10 1.350258911636306098e-09 2.034355989534923199e-09 3.040048960068341643e-09 4.485228440216395730e-09 6.499659174207716086e-09 9.200282416265717964e-09 1.265213584937291689e-08 1.682608500379556974e-08 2.157836575906494629e-08 2.667527521504988356e-08 3.185650324528378337e-08 3.689731509228676146e-08 4.163704466756014382e-08 4.597803286702387122e-08 4.987594836379545553e-08 5.333187834942093467e-08 5.638358828032136988e-08 5.909296241010114557e-08 6.153167264207941515e-08 6.376901433398860294e-08 6.586475740633472112e-08 6.786653606043687859e-08 7.056362101898311748e-08 9.799121236660916911e-08 1.349305731761967946e-07 1.841116955249967976e-07 2.487103063157699188e-07 3.321924648241737548e-07 4.379663178658823197e-07 5.687620996720047155e-07 7.256912412952675166e-07 9.070540697945817052e-07 1.107216014947128979e-06 1.316211468976949256e-06 1.520907002838883970e-06 1.708006778399002087e-06 1.867795384350024210e-06 1.996431082575052731e-06 2.095495107463931621e-06 2.169647132884569452e-06 2.224222984949523688e-06 2.263823451804439766e-06 2.291863570208717616e-06 2.310660278979068730e-06 2.321696288423059736e-06 2.325886407218272734e-06 2.323790473528771911e-06 2.315763405445422912e-06 2.302062816505180355e-06 2.282923571596924282e-06 2.258616555413255392e-06 2.229499550782876403e-06 2.196076352356302514e-06 2.917313334548156405e-06 3.983721668384279270e-06 5.400114578732668593e-06 7.267598955662196180e-06 9.712350954996217610e-06 1.289079185521982971e-05 1.699562764513790520e-05 2.226285062317938469e-05 2.897982325854231900e-05 3.749450410533617284e-05 4.822587677152647491e-05 6.167549293730614844e-05 7.844008413728795822e-05 9.922482935571723763e-05 1.248569764180810582e-04
3.635174754246433395e-14 5.416952500138431341e-14 8.019113940114210670e-14 1.179445601006535394e-13 1.723637442486820689e-13 2.503005821684143185e-13 3.612030766605880753e-13 5.180041942478010808e-13 7.382699188504594265e-13 1.045667358320554055e-12 1.471797461160394527e-12 2.058432483319688856e-12 2.860147697288239793e-12 3.947224978959755457e-12 5.408561059839880789e-12 7.353896763478046710e-12 1.877180088248455005e-11 2.607920043824538307e-11 3.590153384372785636e-11 4.889619514876631467e-11 6.574649047755181014e-11 8.704766703569107587e-11 1.131286447110047567e-10 1.438451367347814197e-10 1.784634156049503827e-10 2.158218352997349860e-10 2.548622269530443805e-10 2.952976360590173814e-10 3.379592936889414786e-10 4.024224852344342540e-10 6.080985915957407181e-10 9.200841296456004475e-10 1.390978391789974335e-09 2.095003213253007217e-09 3.131923184192790110e-09 4.626719770750731270e-09 6.720149467177368704e-09 9.544767425038096134e-09 1.318481057805037313e-08 1.762945286846008203e-08 2.274436344766692973e-08 2.828913264262385792e-08 3.398079443843922764e-08 3.956463117805703461e-08 4.485217191787961193e-08 4.972409257977315316e-08 5.412017507197696591e-08 5.803074232799786100e-08 6.148823920566212201e-08 6.455481215265703336e-08 6.730694180516256631e-08 6.982132465080299261e-08 7.216578737006274631e-08 7.439534396923822762e-08 7.655217927163949274e-08 1.027424552571027069e-07 1.415652587639716725e-07 1.933131862460666099e-07 2.613878038582835676e-07 3.495434644002157199e-07 4.615464804738108978e-07 6.005525739675635425e-07 7.681395646893331487e-07 9.630415739560745308e-07 1.179876587456417571e-06 1.408519468312421159e-06 1.635026286968798246e-06 1.844591001206243795e-06 2.025633251359521177e-06 2.172735962022032785e-06 2.286693696425516382e-06 2.372191534669703974e-06 2.435077576378289744e-06 2.480600379056014517e-06 2.512751131009182867e-06 2.534282884780738840e-06 2.546980128405299596e-06 2.551955887857530702e-06 2.549896881429197045e-06 2.541238917525667323e-06 2.526292891881712174e-06 2.505331557727240451e-06 2.478656357263894446e-06 2.446653188395585382e-06 2.409854706887345172e-06 3.055964527322979393e-06 4.172952562589151415e-06 5.656450691536327639e-06 7.612291407271971064e-06 1.017252014201007717e-05 1.350079368371697743e-05 1.779867488481959702e-05 2.331292551129199420e-05 3.034392341662324721e-05 3.925526966201536974e-05 5.048465673132177629e-05 6.455591792337780509e-05 8.209222946064355993e-05 1.038300556375683375e-04 1.306335382382638893e-04
3.808287926406741357e-14 5.674933682349846623e-14 8.401059446719934366e-14 1.235629928037251622e-13 1.805762333791515062e-13 2.622301508830401639e-13 3.784260870218797582e-13 5.427198508486977573e-13 7.735279238862306387e-13 1.095672185621546304e-12 1.542312646325658300e-12 2.157315313483769033e-12 2.998053171514554884e-12 4.138527608328650927e-12 5.672556389339922059e-12 7.716353668908231240e-12 1.040933093808489886e-11 2.735755735050730414e-11 3.769810814958724147e-11 5.140875591394583458e-11 6.924059511253450938e-11 9.187208331612828916e-11 1.197242989244327161e-10 1.527340573048873821e-10 1.901988005511779509e-10 2.308916470080716456e-10 2.735818967562500910e-10 3.177718843146835517e-10 3.641609375340727594e-10 4.162531918982426367e-10 6.280115831332212899e-10 9.489312073953105762e-10 1.433187627307768105e-09 2.157624320886479176e-09 3.226377384667113169e-09 4.771582371360919098e-09 6.945188096352855520e-09 9.895917518214652658e-09 1.372847996703188427e-08 1.845270790211620037e-08 2.394695188067790678e-08 2.996697283740325858e-08 3.620787834978859163e-08 4.238304277687007477e-08 4.827291806242256806e-08 5.373339919589514301e-08 5.868585202500090471e-08 6.310764990697839105e-08 6.702398852651729597e-08 7.049585936066548029e-08 7.360391171097422686e-08 7.643237778624645845e-08 7.905780928942665912e-08 8.154349954566039934e-08 8.393862704603784704e-08 1.077116920557027260e-07 1.485079957135503259e-07 2.029458258457624211e-07 2.746639815938999444e-07 3.677203634854718050e-07 4.862600227997332924e-07 6.338922566607868646e-07 8.127001027700987620e-07 1.021905096323054523e-06 1.256448637739867699e-06 1.506127078660945145e-06 1.756246456820303739e-06 1.990471003680159192e-06 2.195204495508532816e-06 2.363198568045909165e-06 2.494211231322501823e-06 2.592810123136817378e-06 2.665335121148943067e-06 2.717737522927450460e-06 2.754663268603239310e-06 2.779373752768116678e-06 2.794010873326345072e-06 2.799925004113494515e-06 2.797955975206243423e-06 2.788637684425471616e-06 2.772345622787167432e-06 2.749398099165807840e-06 2.720132657950693470e-06 2.684967699292668470e-06 2.644468592399499532e-06 3.201212596019129290e-06 4.371193690640674069e-06 5.924992109829401201e-06 7.973395864427622890e-06 1.065459880977744225e-05 1.413983707518145271e-05 1.863995066189903728e-05 2.441298069046889872e-05 3.177293445182102316e-05 4.109978962975685221e-05 5.285081901520148097e-05 6.757316487785995271e-05 8.591765202996418463e-05 1.086534340237672213e-04 1.366831792316575026e-04
3.989644012696669835e-14 5.945198833169106715e-14 8.801191577536404837e-14 1.294489514554678263e-13 1.891797665114059403e-13 2.747277554695371176e-13 3.964691854807641878e-13 5.686123666384568902e-13 8.104647792514268242e-13 1.148058071609725697e-12 1.616185585290438096e-12 2.260906868747555532e-12 3.142526091096156104e-12 4.338941954848869342e-12 5.949129423629668068e-12 8.096089034233905965e-12 1.092810130595893380e-11 2.869456877593022102e-11 3.957756138151779470e-11 5.403808695518347306e-11 7.289891048971143980e-11 9.692733552919962898e-11 1.266449107335520316e-10 1.620815387541043431e-10 2.025810950979419896e-10 2.468648583790630774e-10 2.935296814206488290e-10 3.418453320039326050e-10 3.923442323359829540e-10 4.468242380799526334e-10 6.487734599864599126e-10 9.789421024653373488e-10 1.476968511160216864e-09 2.222332995497936590e-09 3.323564519845300187e-09 4.920009938562240560e-09 7.174992430937561375e-09 1.025391774674142930e-08 1.428318806386256021e-08 1.929563800618246696e-08 2.518572730037721298e-08 3.170873715463279476e-08 3.853916785906390760e-08 4.535686152570895968e-08 5.190777439773669311e-08 5.801955139516240161e-08 6.359231015625765115e-08 6.858806275401197929e-08 7.302258339124719267e-08 7.695399745528619573e-08 8.046620374691781779e-08 8.365092209917316588e-08 8.659403934119815590e-08 8.936806787501544973e-08 9.203017433502142938e-08 1.129080802712035450e-07 1.557722092830480673e-07 2.130288710293625326e-07 2.885660020068628184e-07 3.867609626475457819e-07 5.121589488964334940e-07 6.688519629472711245e-07 8.594684189383188374e-07 1.083772774833051848e-06 1.337104030128598960e-06 1.609267895738584669e-06 1.884894075742283080e-06 2.146116315161170970e-06 2.377184495194250551e-06 2.568752978085822410e-06 2.719258720216973552e-06 2.832969714942944034e-06 2.916672719089394793e-06 2.977070913974763920e-06 3.019549272419798491e-06 3.047959289665353590e-06 3.064864963525584513e-06 3.071900238013139587e-06 3.070089346080379345e-06 3.060084914178764028e-06 3.042340637227151789e-06 3.017229582927634106e-06 2.985131996473294520e-06 2.946503931846854269e-06 2.901947918381625275e-06 3.353381239923621001e-06 4.578874087308238706e-06 6.206320012679072608e-06 8.351693831372896279e-06 1.115963027431352689e-05 1.480930504502903313e-05 1.952127565008905636e-05 2.556539684480491512e-05 3.326994886081172982e-05 4.303205544367312129e-05 5.532948321102311342e-05 7.073376054076461821e-05 8.992462314217605822e-05 1.137053856100894695e-04 1.430189534246495517e-04
4.179635505672236411e-14 6.228332862989997495e-14 9.220376302302944861e-14 1.356151745032262659e-13 1.981929634931654342e-13 2.878204433618707241e-13 4.153714210814578695e-13 5.957377784444702124e-13 8.491604240375337878e-13 1.202938390314695292e-12 1.693576154567729246e-12 2.369431342936202609e-12 3.293879125705293041e-12 4.548901757229118240e-12 6.238878725172138224e-12 8.493924688977450092e-12 1.147162331902154833e-11 3.009283605656311289e-11 4.154357504163872927e-11 5.678937224357257689e-11 7.672869394937500703e-11 1.022235179654766594e-10 1.339044437479614576e-10 1.719069246428685764e-10 2.156376189001108777e-10 2.637816783053204729e-10 3.147669314754309054e-10 3.676105732019083499e-10 4.226406641995458159e-10 4.816103021256821693e-10 6.704268483764852279e-10 1.010177435717115929e-09 1.522406636356205339e-09 2.289248395237747543e-09 3.423645938049934495e-09 5.072209525787434643e-09 7.409801526609901780e-09 1.061898715129435638e-08 1.484902474269694969e-08 2.015807032966508086e-08 2.646026801500316316e-08 3.351422878892016551e-08 4.097581390555429383e-08 4.849011994524102524e-08 5.576510796408481513e-08 6.259633510579928330e-08 6.885949200162624309e-08 7.449856820175208328e-08 7.951749519972079242e-08 8.396951169942057158e-08 8.794052932516574951e-08 9.152947645228053933e-08 9.483208842832624435e-08 9.793105729574237431e-08 1.008926231314258285e-07 1.183410452302162280e-07 1.633717914157636852e-07 2.235823220528387358e-07 3.031221508193276056e-07 4.067047015549008809e-07 5.392975978717602048e-07 7.055057740296593271e-07 9.085445667979002198e-07 1.148778783617188995e-06 1.422022450281715341e-06 1.718185090160202556e-06 2.021306832353452272e-06 2.312010085280058003e-06 2.572269448749658093e-06 2.790370553457972727e-06 2.963110814986583428e-06 3.094232342985295154e-06 3.190893262643004450e-06 3.260587939889744733e-06 3.309529162002612190e-06 3.342250365636325039e-06 3.361812549357820427e-06 3.370187677870727869e-06 3.368621640973356018e-06 3.357910525903106133e-06 3.338602584993509244e-06 3.311136685618446635e-06 3.275943634126675834e-06 3.233523192673889140e-06 3.184520193846081778e-06 3.512795378681155122e-06 4.796435868802979214e-06 6.501043251746266916e-06 8.748004022705713456e-06 1.168870752642130485e-05 1.551064645438106948e-05 2.044455719977361145e-05 2.677266798383052843e-05 3.483820632869868837e-05 4.505624847891915924e-05 5.792601248507816435e-05 7.404454213215183123e-05 9.412180756039240678e-05 1.189968273734398309e-04 1.496545365170414473e-04
4.378673586718256551e-14 6.524948533155913232e-14 9.659520824562845743e-14 1.420750069452007313e-13 2.076353307705265731e-13 3.015365498789238846e-13 4.351737022209032729e-13 6.241547913393440287e-13 8.896986037247303162e-13 1.260431914240921764e-12 1.774651843559263349e-12 2.483123605744323940e-12 3.452439835022199141e-12 4.768861412532153360e-12 6.542431372566739589e-12 8.910721635125262969e-12 1.204107328481863183e-11 3.155507162279494943e-11 4.359998890825658736e-11 5.966802077561938832e-11 8.073752204280971299e-11 1.077711756181818821e-10 1.415174888944117495e-10 1.822303986085648004e-10 2.293967346811414287e-10 2.816835244825287748e-10 3.373565878923318775e-10 3.951631074522120661e-10 4.551874864647533563e-10 5.190998336841509484e-10 6.930162423892539712e-10 1.042700492818873990e-09 1.569591435457923090e-09 2.358495327881297374e-09 3.526791580029507999e-09 5.228401767762413664e-09 7.649876445252823866e-09 1.099137963824530031e-08 1.542612871161609564e-08 2.103987955630442879e-08 2.777014968391524097e-08 3.538312727847577692e-08 4.351870083637331996e-08 5.178653597369133874e-08 5.985310471791702187e-08 6.747766692035056724e-08 7.450791305300018486e-08 8.086686840790755203e-08 8.654394524664920103e-08 9.158515432830385450e-08 9.607682975820373758e-08 1.001245462069233719e-07 1.038342579677733988e-07 1.072997914248520171e-07 1.105976294995225925e-07 1.240202708295052099e-07 1.713210992907709701e-07 2.346269333506919382e-07 3.183618649743398140e-07 4.275927110086605611e-07 5.677327287095256301e-07 7.439311667225367456e-07 9.600332826410334179e-07 1.217063618997389887e-06 1.511391836557021015e-06 1.833132043607395419e-06 2.165834342260791637e-06 2.488649721417126491e-06 2.781176348057624406e-06 3.029059369210750937e-06 3.227105984771407821e-06 3.378257916265924016e-06 3.489931674457174758e-06 3.570437267351280578e-06 3.626906755976654821e-06 3.664657783667388375e-06 3.687334661933021712e-06 3.697311329431746314e-06 3.696099596642816142e-06 3.684668604797070382e-06 3.663680793866872853e-06 3.633654073056731501e-06 3.595079173925748824e-06 3.548506693879386242e-06 3.494629728433360497e-06 3.679800002255239948e-06 5.024363494116288778e-06 6.809799668960981396e-06 9.163184135235932071e-06 1.224297559712710388e-05 1.624537914564025905e-05 2.141179346574417438e-05 2.803740683961156646e-05 3.648110073915251911e-05 4.717674909696974720e-05 6.064602518164463341e-05 7.751267213241321572e-05 9.851828223081614516e-05 1.245391957305734131e-04 1.566042553634042439e-04
4.587189015930939800e-14 6.835687782103708915e-14 1.011957554504176666e-13 1.488424292118175446e-13 2.175273036039960551e-13 3.159057595480590074e-13 4.559188851831033581e-13 6.539249056909685919e-13 9.321670514246422727e-13 1.320663071416303314e-12 1.859588117037644125e-12 2.602229711043219978e-12 3.618551377643089395e-12 4.999296959586747205e-12 6.860444317687398521e-12 9.347381910562990992e-12 1.263768362282283397e-11 3.308410344176171320e-11 4.575080735859510399e-11 6.267967553557250842e-11 8.493330324813267517e-11 1.135813224658155668e-10 1.494992918024082966e-10 1.930730280494258787e-10 2.438879174737123040e-10 3.006131087032374921e-10 3.613632222701261610e-10 4.246012749879016615e-10 4.901276418742552739e-10 5.594853423581960993e-10 7.165880842088180327e-10 1.076577334860286751e-09 1.618616327928270247e-09 2.430204437128503376e-09 3.633180197936056285e-09 5.388821122794276528e-09 7.895500572706647602e-09 1.137138476217977537e-08 1.601469020310044034e-08 2.194099570986356435e-08 2.911496092816972717e-08 3.731500587335474612e-08 4.616844667813259576e-08 5.524948032418639039e-08 6.417971007969921251e-08 7.267753046394374131e-08 8.055861490373581061e-08 8.772176218320343914e-08 9.413892397636273401e-08 9.984621414460068852e-08 1.049284128936989013e-07 1.094968409993331171e-07 1.136678450827779783e-07 1.175472996648950553e-07 1.212231716129975168e-07 1.299556873346575082e-07 1.796349508544037592e-07 2.461842214096323963e-07 3.343157584858858484e-07 4.494678638577729985e-07 5.975236054283699400e-07 7.842091452880075880e-07 1.014044182327049714e-06 1.288774391946124803e-06 1.605408820531704744e-06 1.954373005333570989e-06 2.318839011798516054e-06 2.676547665188976567e-06 3.004643108471021140e-06 3.285863626380475912e-06 3.512646397396489033e-06 3.686806486725111477e-06 3.815860950000975123e-06 3.908938969645147912e-06 3.974183393611796865e-06 4.017808792999092740e-06 4.044141728880128771e-06 4.056032987396201481e-06 4.055312778274012121e-06 4.043158651749499358e-06 4.020370775843443274e-06 3.987561974025284007e-06 3.945294063776192519e-06 3.894176878339842434e-06 3.834958693580716154e-06 3.854756526040793934e-06 5.263143836587378216e-06 7.133257476938122308e-06 9.598132704208453645e-06 1.282363403574266434e-05 1.701509322735972646e-05 2.242507773146730599e-05 2.936235052082291236e-05 3.820218751835832179e-05 4.939814612276222967e-05 6.349540697528436575e-05 8.114565376746275631e-05 1.031235558933865475e-04 1.303444712232993785e-04 1.638831188652946174e-04
4.805633064372958007e-14 7.161223114652873540e-14 1.060153611851393638e-13 1.559320874223077692e-13 2.278902902946729323e-13 3.309591703486511967e-13 4.776518668890965194e-13 6.851125502621926805e-13 9.766576777531653239e-13 1.383762214680479616e-12 1.948568794888865293e-12 2.727007429393030053e-12 3.792573253747467976e-12 5.240707109236779896e-12 7.193605807471590954e-12 9.804850541314900517e-12 1.326274553185633253e-11 3.468287963353137355e-11 4.800020593021473800e-11 6.583022279413118564e-11 8.932429114879301294e-11 1.196654603477722446e-10 1.578657808310752247e-10 2.044568084347885187e-10 2.591418257177163478e-10 3.206145304212826815e-10 3.868530952303239926e-10 4.560262029747095084e-10 5.276096614558964384e-10 6.029695186017336539e-10 7.411908478411711636e-10 1.111876914244664262e-09 1.669578875508501001e-09 2.504512401018806109e-09 3.742999591633973739e-09 5.553716135296687741e-09 8.146979941538825255e-09 1.175932843221618354e-08 1.661495336802502100e-08 2.286141142506082382e-08 3.049431900095030552e-08 3.930935145504149892e-08 4.892540864949950453e-08 5.888194775359482751e-08 6.875256777794932181e-08 7.820990569085093402e-08 8.703310940238842214e-08 9.509311859755217205e-08 1.023412031790517783e-07 1.088005798927619440e-07 1.145520854671259215e-07 1.197114929426210029e-07 1.244054559572645352e-07 1.287527255709427929e-07 1.328540458813584388e-07 1.367889324324513342e-07 1.883286168847104304e-07 2.582764693739333983e-07 3.510156456136444609e-07 4.723748242640905956e-07 6.287320820958881806e-07 8.264243751248619204e-07 1.070691962368219871e-06 1.364065127050706585e-06 1.704279176608839646e-06 2.082183767088354676e-06 2.480696957959653705e-06 2.876232306269381645e-06 3.243428880304501449e-06 3.561863096811744397e-06 3.821197531513285431e-06 4.021740079447364032e-06 4.170897919689608408e-06 4.278594783295258135e-06 4.354072275848465986e-06 4.404564667717463148e-06 4.435193506389905635e-06 4.449373774904340724e-06 4.449316157786719082e-06 4.436448784345162890e-06 4.411737748614430680e-06 4.375909804210927606e-06 4.329611160849432434e-06 4.273520798980306055e-06 4.208450220017226822e-06 4.135442825951578897e-06 5.513293643575530225e-06 7.472104463818320849e-06 1.005379104790900401e-05 1.343193950591683920e-05 1.782145451551443596e-05 2.348660293924172829e-05 3.075036643603090079e-05 4.000519132865836837e-05 5.172524677320287543e-05 6.648032360216101855e-05 8.495134723231545829e-05 1.079475896285976035e-04 1.364252043836957815e-04 1.715068503416427019e-04
5.034478490718581277e-14 7.502259057446921656e-14 1.110644560860773731e-13 1.633593250819787400e-13 2.387467185162995571e-13 3.467293610146327872e-13 5.004196820633000130e-13 7.177852216481667018e-13 1.023266769744303704e-12 1.449865903795696578e-12 2.041786449937070758e-12 2.857726805912270553e-12 3.974882083132058756e-12 5.493614323657190342e-12 7.542636873437546369e-12 1.028411758681347869e-11 1.391761178469739448e-11 3.635447326061631845e-11 5.035253812923116127e-11 6.912580175553255184e-11 9.391909809358768625e-11 1.260355984660716497e-10 1.666335957940521436e-10 2.164047082722527475e-10 2.751903739171394871e-10 3.417333777151560042e-10 4.138942335229957078e-10 4.895417675871971532e-10 5.677875449941600882e-10 6.497652842890019785e-10 7.668751264217467043e-10 1.148671195990834133e-09 1.722580945824141791e-09 2.581562142804109547e-09 3.856446863095941743e-09 5.723349720669376559e-09 8.404643565250965048e-09 1.215557355884100268e-08 1.722721839773403084e-08 2.380118865187629437e-08 3.190788527274449981e-08 4.136558662805842153e-08 5.178969408699432456e-08 6.268653333347868200e-08 7.357895812616320811e-08 8.408869129428536845e-08 9.395331305661367526e-08 1.030118413542852301e-07 1.111913403527920635e-07 1.184987967240802079e-07 1.250082801560378023e-07 1.308382738304074452e-07 1.361253259099080150e-07 1.410017521832987318e-07 1.455823912587569205e-07 1.499593607894786552e-07 1.974178091050591078e-07 2.709267278099370238e-07 3.684945607457187117e-07 4.963600947008396159e-07 6.614226871265706070e-07 8.706653178420737346e-07 1.130096604932340339e-06 1.443097067971620323e-06 1.808218280707035695e-06 2.216852354890925842e-06 2.651798978756787583e-06 3.088249029164853160e-06 3.498314562582801994e-06 3.858172653609035720e-06 4.154287554725843430e-06 4.385024052626329144e-06 4.557408641035189227e-06 4.682098403292337177e-06 4.769513378542825156e-06 4.828039362677627669e-06 4.863720494346932550e-06 4.880637464465541874e-06 4.881454676724339478e-06 4.867901053628096869e-06 4.841142353498971773e-06 4.802042029640327930e-06 4.751346550029221179e-06 4.689815750144398086e-06 4.618333730916643452e-06 4.538014884719460254e-06 5.775354265480124760e-06 7.827096641691673533e-06 1.053114530486118589e-05 1.406920850529515768e-05 1.866620813862234198e-05 2.459866643604798639e-05 3.220445849900131042e-05 4.189401412853522433e-05 5.416308705851139712e-05 6.960723419790857010e-05 8.893798668813024020e-05 1.130008183849332893e-04 1.427945428353894744e-04 1.794919214477643291e-04
5.274220564402449537e-14 7.859533683696566334e-14 1.163539674521380163e-13 1.711402162887724448e-13 2.501200838534429810e-13 3.632504615416960198e-13 5.242716050265050238e-13 7.520136303531105584e-13 1.072095199235470142e-12 1.519117200990723966e-12 2.139442824712476820e-12 2.994670744712055104e-12 4.165872420295092486e-12 5.758565947072589084e-12 7.908292892153149916e-12 1.078622028262592894e-11 1.460369965592196843e-11 1.961355976163379988e-11 5.281234249359226613e-11 7.257281456521969577e-11 9.872670935716098649e-11 1.327042735460940123e-10 1.758201174405723980e-10 2.289407147812722163e-10 2.920668066206534503e-10 3.640168347441820546e-10 4.425565258478301411e-10 5.252545764530649942e-10 6.108206291554188990e-10 7.000957886109045895e-10 7.960715805546572014e-10 1.187035284579288965e-09 1.777728884417941042e-09 2.661503054613452733e-09 3.973728689593975340e-09 5.897999474460978859e-09 8.668843789790944729e-09 1.256052065722746679e-08 1.785184340168057923e-08 2.476046477949656559e-08 3.335538031368822153e-08 4.348309355520549280e-08 5.476117679826958440e-08 6.666541476941849907e-08 7.866573707519778180e-08 9.032762066676591102e-08 1.013414710007381845e-07 1.115098228078003135e-07 1.207316743192615482e-07 1.289941150362516507e-07 1.363611763564380973e-07 1.429518098791250045e-07 1.489116445599516266e-07 1.543870431428773208e-07 1.595082415353250365e-07 1.643815708411401368e-07 2.069186638285406794e-07 2.841588109985963601e-07 3.867867742939748896e-07 5.214720599732057854e-07 6.956627061884530709e-07 9.170243671405794651e-07 1.192383586378201454e-06 1.526038989281863088e-06 1.917451578059671950e-06 2.358679736420460528e-06 2.832551568497906573e-06 3.313161386308731440e-06 3.770103534598528752e-06 4.175941941659762966e-06 4.513506516497405264e-06 4.778727965925183800e-06 4.977913330575433620e-06 5.122345713115337279e-06 5.223688873553106837e-06 5.291619245021008653e-06 5.333246896619665480e-06 5.353435691487605784e-06 5.355389944357075582e-06 5.341199055073562545e-06 5.312268765107873916e-06 5.269626473662899964e-06 5.214137828653968071e-06 5.146657364253413752e-06 5.068152718907517700e-06 4.979818658991335891e-06 6.049892827046178340e-06 8.198991606883420657e-06 1.103121089766821368e-05 1.473682021467275246e-05 1.955118231451658857e-05 2.576367494536019862e-05 3.372777362945928581e-05 4.387274361637202017e-05 5.671694267890069576e-05 7.288290527089036591e-05 9.311419806946224283e-05 1.182941735334725879e-04 1.494662596896003716e-04 1.878555877167347723e-04
5.525378137486328058e-14 8.233820210524684437e-14 1.218953428938130135e-13 1.792916005209789396e-13 2.620350006508601823e-13 3.805582270517486377e-13 5.492592563358220070e-13 7.878718538226492113e-13 1.123248641175263735e-12 1.591665980577475227e-12 2.241749268064452254e-12 3.138135621159846413e-12 4.365957608334996117e-12 6.036135390325628706e-12 8.291365220033967989e-12 1.131224528527568396e-11 1.532249398931999036e-11 2.059104237865159693e-11 5.538434991982427591e-11 7.617793669049709401e-11 1.037564978201021044e-10 1.396845706889786532e-10 1.854434977515826674e-10 2.420898803382075498e-10 3.098057735537905412e-10 3.875137947995684908e-10 4.729118369366244902e-10 5.632739755290424741e-10 6.568734503755305794e-10 7.541943496637770330e-10 8.581389164358680026e-10 1.227047556479832509e-09 1.835133695409953885e-09 2.744491234236154251e-09 4.095061616351976232e-09 6.077958007576186679e-09 8.939956667714757287e-09 1.297460842211400329e-08 1.848924606993518926e-08 2.573945818254570511e-08 3.483659838804465329e-08 4.566123907829909149e-08 5.783951869442568697e-08 7.082034172094252527e-08 8.401927756636020756e-08 9.694017214033855786e-08 1.092200699671654002e-07 1.206198864028980646e-07 1.310063110160559779e-07 1.403425309101468715e-07 1.486788137411057472e-07 1.561317925393040491e-07 1.628548842954999780e-07 1.690086981096300363e-07 1.747401050793240784e-07 1.801713546624301031e-07 2.168477205846500400e-07 2.979972880631838973e-07 4.059278038213624561e-07 5.477610274497840729e-07 7.315222629326028376e-07 9.655979848064441971e-07 1.257684088803337829e-06 1.613067514472363553e-06 2.032215060125971794e-06 2.507980543082557125e-06 3.023377972888021997e-06 3.551552389225268405e-06 4.059622615171439933e-06 4.516355240997550618e-06 4.900505416773572407e-06 5.205025951666761405e-06 5.435090746832506285e-06 5.602444832571285531e-06 5.720038975119569613e-06 5.798983886031438553e-06 5.847615180310569011e-06 5.871715176215226873e-06 5.875129229873598359e-06 5.860378022953273685e-06 5.829155401102703089e-06 5.782685291346191503e-06 5.721975087541998133e-06 5.647990404560614145e-06 5.561795205336075698e-06 5.464675442692875516e-06 6.337503452383766190e-06 8.588594180452545864e-06 1.155510280644163359e-05 1.543621948280663356e-05 2.047829230694232916e-05 2.698414977567938178e-05 3.532360856336823053e-05 4.594566207625891050e-05 5.939234044016298170e-05 7.631442534106662272e-05 9.748901774022599679e-05 1.238391064984405642e-04 1.564547832974331446e-04 1.966159258003269449e-04
5.788494767563716456e-14 8.625928672370227460e-14 1.277005751082078912e-13 1.878311190813966878e-13 2.745172552840987218e-13 3.986901151744931305e-13 5.754367145023866033e-13 8.254374967629300867e-13 1.176837802326207582e-12 1.667669253310433027e-12 2.348927192564724867e-12 3.288431923297887527e-12 4.575570673511635553e-12 6.326923371859038698e-12 8.692682906008698667e-12 1.186333102401795515e-11 1.607555041152796497e-11 2.161516279065893829e-11 5.807349126179638100e-11 7.994812768677619397e-11 1.090182391879103742e-10 1.469901449481303997e-10 1.955226911099536257e-10 2.558783697700929314e-10 3.284434057907928597e-10 4.122749780969251786e-10 5.050341390417348336e-10 6.037120838284104967e-10 7.061156104419365702e-10 8.123043440855556551e-10 9.250246077099658162e-10 1.268789798500555908e-09 1.894911230986567484e-09 2.830689735344736238e-09 4.220672369289962716e-09 6.263533309137912201e-09 9.218382359852487573e-09 1.339831428833704738e-08 1.913990515073374233e-08 2.673847320621003486e-08 3.635142121123380192e-08 4.789940065624099878e-08 6.102419639455048857e-08 7.515263293100703910e-08 8.964541485576826501e-08 1.039394745602824242e-07 1.176117398910333980e-07 1.303757162474081903e-07 1.420610982003609871e-07 1.526028172640253623e-07 1.620331976909607532e-07 1.704631839299762775e-07 1.780521301257391627e-07 1.849747207085459096e-07 1.913955711324687078e-07 1.974546186483009465e-07 2.272218951547860705e-07 3.124674681790483837e-07 4.259544195299328905e-07 5.752792625785919770e-07 7.690743966298846715e-07 1.016486835982559620e-06 1.326135213950869063e-06 1.704367439769951131e-06 2.152755750571353108e-06 2.665083806067237080e-06 3.224719279408307962e-06 3.804025908338625862e-06 4.367723254016294786e-06 4.880631572788350591e-06 5.316995222394069278e-06 5.666196601291469874e-06 5.931781942019812563e-06 6.125725855380441401e-06 6.262278109057404540e-06 6.354127878767597754e-06 6.411012279050665568e-06 6.439787064048088846e-06 6.445056912410386514e-06 6.429857608677657285e-06 6.396228459326239673e-06 6.345628851884730585e-06 6.279234836638730293e-06 6.198142513478682409e-06 6.103527137284437646e-06 5.996778331546841270e-06 6.638808551956313821e-06 8.996747500499413717e-06 1.210393942414317581e-05 1.616889454677123347e-05 2.144954457054102948e-05 2.826273227706015091e-05 3.699541698746514707e-05 4.811725564498583931e-05 6.219507021285768707e-05 7.990922027613078782e-05 1.020719120387081255e-04 1.296476135148032921e-04 1.637752284228165061e-04 2.057918724903457679e-04
6.064139894132281073e-14 9.036707674072350864e-14 1.337822278337493077e-13 1.967772532768059442e-13 2.875938619666121382e-13 4.176853671135785702e-13 6.028606330285798615e-13 8.647918590934568371e-13 1.232978660857361978e-12 1.747291506190792145e-12 2.461208553690550457e-12 3.445884923804363204e-12 4.795165262405917238e-12 6.631559217796780388e-12 9.113114485758369500e-12 1.244067016465901555e-11 1.686449869883459576e-11 2.268813743151123744e-11 6.088490521018639499e-11 8.389064236219964562e-11 1.145221277682599583e-10 1.546352436620905059e-10 2.060774864036198689e-10 2.703335085836741702e-10 3.480173929097900005e-10 4.383530535303057122e-10 5.389996596472061608e-10 6.466838586424327444e-10 7.587216532413904144e-10 8.746790492595129096e-10 9.970698530034891902e-10 1.312347352100760932e-09 1.957182389922235669e-09 2.920268831474615134e-09 4.350798188458753150e-09 6.455049138481492284e-09 9.504545568879454134e-09 1.383215499008570516e-08 1.980436177331896447e-08 2.775790461830522787e-08 3.789983085623924973e-08 5.019699266099955785e-08 6.431453235031067201e-08 7.966318178543371843e-08 9.554939757448458682e-08 1.113382095917859921e-07 1.265391440349543352e-07 1.408117725077709176e-07 1.539435875961862866e-07 1.658365446955388728e-07 1.765003957007592270e-07 1.860364155012225704e-07 1.946074089095884889e-07 2.024014969440952861e-07 2.096019413652122817e-07 2.163681597193610906e-07 2.380584464268181318e-07 3.275953790531731960e-07 4.469046431434504486e-07 6.040810186408562675e-07 8.083951356582535433e-07 1.069795922733462493e-06 1.397880198659911244e-06 1.800132063259241930e-06 2.279332200169579651e-06 2.830333705847235818e-06 3.437035538949479291e-06 4.071208171314806757e-06 4.695282954174143584e-06 5.270025092119062669e-06 5.764745911956824767e-06 6.164622399423927987e-06 6.470993310162588021e-06 6.695750138619041837e-06 6.854411281045125383e-06 6.961383627609834888e-06 7.027997470048408589e-06 7.062358494685999200e-06 7.069968558011235622e-06 7.054477557244966774e-06 7.018338524091443756e-06 6.963292790326401811e-06 6.890717151254984875e-06 6.801861188410485159e-06 6.698028999537830266e-06 6.580728316415871325e-06 6.954460168173521904e-06 9.424334846216631331e-06 1.267890849337691193e-05 1.693647813478666497e-05 2.246704109319188185e-05 2.960218955743819917e-05 3.874681701348983275e-05 5.039222402027081378e-05 6.513119746097072139e-05 8.367506935808034232e-05 1.068727977538873661e-04 1.357322615664349687e-04 1.714434289035389513e-04 2.154032656049842116e-04
6.352910070980177611e-14 9.467046227428967024e-14 1.401534630407462711e-13 2.061493644153857269e-13 3.012931212141751389e-13 4.375850925727834028e-13 6.315903630180704726e-13 9.060201118971379812e-13 1.291792717345368203e-12 1.830705058450777184e-12 2.578836351824938811e-12 3.610835383951588390e-12 5.025216623706081049e-12 6.950702223938134284e-12 9.553569861412670252e-12 1.304551219075216788e-11 1.769104630444810126e-11 2.381228846284144670e-11 6.382394646146385820e-11 8.801304235361380518e-11 1.202787928261723806e-10 1.626347295758770108e-10 2.171285401200332269e-10 2.854838322230377957e-10 3.685670611247005565e-10 4.658027637024070430e-10 5.748870439756816052e-10 6.923071930321676969e-10 8.148709613492688244e-10 9.415814448551479515e-10 1.074633586434826234e-09 1.357809263813212358e-09 2.022073325340174773e-09 3.013406294074803424e-09 4.485687182737107039e-09 6.652845447639531382e-09 9.798896008777637524e-09 1.427668713090934289e-08 2.048322064578773216e-08 2.879824156529805784e-08 3.948192173188785128e-08 5.255349259761767584e-08 6.770972991380792785e-08 8.435247069644222608e-08 1.017358463188137938e-07 1.191485125119403278e-07 1.360248578489939207e-07 1.519631913548296193e-07 1.667029828127810208e-07 1.801080907819446553e-07 1.921606238354417827e-07 2.029475785987461529e-07 2.126320159102372447e-07 2.214142817645936526e-07 2.294968849840303187e-07 2.370604827620924648e-07 2.493749364732880509e-07 3.434077378064186431e-07 4.688177391202603507e-07 6.342225595621498159e-07 8.495635656291404517e-07 1.125634714742325489e-06 1.473068630858861605e-06 1.900563518618437465e-06 2.412214990358430377e-06 3.004090334737800051e-06 3.660806915359390946e-06 4.353749349767294642e-06 5.043206919746190770e-06 5.685825804706138180e-06 6.245585635722540762e-06 6.702788759395956562e-06 7.055898874450316183e-06 7.316319000102770550e-06 7.500750498863028359e-06 7.625445031064540794e-06 7.703531939982524279e-06 7.744566501103669067e-06 7.755107796960049579e-06 7.739536504615202188e-06 7.700800500926732544e-06 7.640978511206565778e-06 7.561686330921167095e-06 7.464354295257031264e-06 7.350435948780048231e-06 7.221573863320796976e-06 7.285141385278057643e-06 9.872281550211172620e-06 1.328125430623303597e-05 1.774060928623578606e-05 2.353294756126517433e-05 3.100542047112952478e-05 4.058159900828218157e-05 5.277549063123048297e-05 6.820707636715005011e-05 8.762012211497366887e-05 1.119020635773389368e-04 1.421062155609409210e-04 1.794759718710420163e-04 2.254708868288304987e-04
6.655430257253467111e-14 9.917875675204627813e-14 1.468280694166515707e-13 2.159677357086433667e-13 3.156446810931304094e-13 4.584323587260297003e-13 6.616880816240418276e-13 9.492114817483613731e-13 1.353407257727159405e-12 1.918090434488575278e-12 2.702065158160409821e-12 3.783640291084842837e-12 5.266222636745545909e-12 7.285043082612493482e-12 1.001500227077164591e-11 1.367916610775709131e-11 1.855698205386127216e-11 2.499004880009845857e-11 6.689619418533266918e-11 9.232320812702754296e-11 1.262993155368802758e-10 1.710041047827844540e-10 2.286974104896699202e-10 3.013591364537700867e-10 3.901334524304518953e-10 4.946810526535407239e-10 6.127775307081982149e-10 7.407030464645176445e-10 8.747476809776669016e-10 1.013283982697538741e-09 1.158092522714185699e-09 1.405268441923977361e-09 2.089715661920861653e-09 3.110287684941780077e-09 4.625598706340266428e-09 6.857278835571547479e-09 1.010190891379413253e-08 1.473250777549000044e-08 2.117715115663684991e-08 2.986007107592466197e-08 4.109791158904178265e-08 5.496846685383471042e-08 7.120891167415937982e-08 8.922059445108020781e-08 1.082087215208919174e-07 1.273818735812309756e-07 1.460912371793786493e-07 1.638656682988334949e-07 1.803900711707446191e-07 1.954846363599325256e-07 2.090983222389090184e-07 2.212986056799439442e-07 2.322448366311399854e-07 2.421476912363422791e-07 2.512291152577612045e-07 2.596926585072866804e-07 2.677088714209297810e-07 3.599319133436643735e-07 4.917341970322892676e-07 6.657621744596762559e-07 8.926618907666897292e-07 1.184117275790586784e-06 1.551856664899658942e-06 2.005873112565553325e-06 2.551687244993774585e-06 3.186730472125194348e-06 3.896534860000217389e-06 4.652325224250319765e-06 5.412429918940245059e-06 6.129360636259968876e-06 6.761400079931299322e-06 7.283282735593940299e-06 7.689841776463963541e-06 7.991481677673225152e-06 8.205931081340130372e-06 8.351391952484369670e-06 8.443010034176176150e-06 8.492014331831322782e-06 8.506206176323433110e-06 8.490834132395525235e-06 8.449437156787662338e-06 8.384497447902154987e-06 8.297915394032925375e-06 8.191334440773191395e-06 8.066381803620319206e-06 7.924854315409423231e-06 7.768893229335088946e-06 1.034155699594985785e-05 1.391228039262198116e-05 1.858302822881908775e-05 2.464963821780347629e-05 3.247546189246146314e-05 4.250373379669284535e-05 5.527221329310088904e-05 7.142936358291476198e-05 9.175291595428049284e-05 1.171705925771152301e-04 1.487832667998963457e-04 1.878902336029924104e-04 2.360165065993436362e-04
6.972355169998562974e-14 1.039017170675123613e-13 1.538204922076693950e-13 2.262536161685302501e-13 3.306796013850124888e-13 4.802722834237648514e-13 6.932189266135706127e-13 9.944594438179835708e-13 1.417955628773378686e-12 2.009636754560928949e-12 2.831161665644364303e-12 3.964673631217737315e-12 5.518704889018117041e-12 7.635305377482610410e-12 1.049841035031435054e-11 1.434300327601484241e-11 1.946418001631244351e-11 2.622396737822822530e-11 7.010746079970593597e-11 9.682935141584947563e-11 1.325952465563199544e-10 1.797595355185289765e-10 2.408065927355707382e-10 3.179905289743817450e-10 4.127594048345601201e-10 5.250471958263829795e-10 6.527551392632856388e-10 7.919956085785961427e-10 9.385406832723369228e-10 1.090068336024153479e-09 1.247841104691736840e-09 1.454821819560850008e-09 2.160246722769970752e-09 3.211106663347820485e-09 4.770803757669286591e-09 7.068723035299998498e-09 1.041408559016041262e-08 1.520025507320869931e-08 2.188688840732864507e-08 3.094408116056402046e-08 4.274815154112576605e-08 5.744159563496963206e-08 7.481116032148234752e-08 9.426729239804384381e-08 1.149713022250856927e-07 1.360490423986495679e-07 1.567602769023585229e-07 1.765553239522126700e-07 1.950571374130215153e-07 2.120361470141557577e-07 2.274022185596880681e-07 2.411974409960093076e-07 2.535726619426376930e-07 2.647461976156993625e-07 2.749590849109085829e-07 2.844392205189564411e-07 2.933816723336307410e-07 3.771958792596581578e-07 5.156957038475141370e-07 6.987601824545682416e-07 9.377754869663849262e-07 1.245362384451335254e-06 1.634407234793123490e-06 2.116281664873473447e-06 2.698045149639100786e-06 3.378648371967989632e-06 4.144743309018687004e-06 4.967638918109282098e-06 5.803918349236250188e-06 6.601994874062633320e-06 7.314132123633167869e-06 7.908791508377575622e-06 8.376334954699716251e-06 8.725542407403306190e-06 8.974927666739461902e-06 9.144715345035049330e-06 9.252292157746658428e-06 9.310810277952761906e-06 9.329526160872260364e-06 9.314716924614427460e-06 9.270626561597348722e-06 9.200219405951760528e-06 9.105734755877746244e-06 8.989067573373046063e-06 8.852047253174164697e-06 8.696647477952346297e-06 8.525175838772057767e-06 1.083317671972560382e-05 1.457335234182256545e-05 1.946555804826177288e-05 2.581949806472666326e-05 3.401544338750359114e-05 4.451738125505659229e-05 5.788779536926126688e-05 7.480503263358474460e-05 9.608239463596655720e-05 1.226897857421975068e-04 1.557778628060531214e-04 1.967044170861685735e-04 2.470629311369978965e-04
7.304370701107015961e-14 1.088495646960413611e-13 1.611458644812922550e-13 2.370292665947538354e-13 3.464304208064180149e-13 5.031521328374382041e-13 7.262511373393940898e-13 1.041861924173171854e-12 1.485577526678716001e-12 2.105542144078977725e-12 2.966405266158462098e-12 4.154327198416277222e-12 5.783209805002599157e-12 8.002247149531542463e-12 1.100484029645937775e-11 1.503846037867021445e-11 2.041460356072296554e-11 2.751671466840070144e-11 3.680257602308235119e-11 1.015400281103461481e-10 1.391786242293581442e-10 1.889178778395597980e-10 2.534795554850985402e-10 3.354104823571281875e-10 4.364896337779952623e-10 5.569629319183917254e-10 6.949068669890730623e-10 8.463124952435219679e-10 1.006443569074583698e-09 1.172225140970202680e-09 1.344291354859653563e-09 1.527390436484594822e-09 2.233809766160459798e-09 3.316065308174844694e-09 4.921585401013974065e-09 7.287569435033498290e-09 1.073595401352798591e-08 1.568060892260291140e-08 2.261323420159073840e-08 3.205106355719172316e-08 4.443313511196246760e-08 5.997269679682338794e-08 7.851556126300514174e-08 9.949198907960634172e-08 1.220261771895169950e-07 1.451599379000111198e-07 1.680534615766824578e-07 1.900685515577589588e-07 2.107578571710378668e-07 2.298353376789200133e-07 2.471653779475845141e-07 2.627581995905980470e-07 2.767504946039277468e-07 2.893646244982112634e-07 3.008596974338655435e-07 3.114890993948474318e-07 3.214748387325466569e-07 3.952281563059386198e-07 5.407451047587999562e-07 7.332789261211026636e-07 9.849929447563346906e-07 1.309493647192156256e-06 1.720890263649634302e-06 2.232019849534778360e-06 2.851598477464722322e-06 3.580256562055525155e-06 4.405979901352488184e-06 5.300422691422496162e-06 6.218672489043143525e-06 7.105133990865924970e-06 7.905781871581924936e-06 8.582100756005233978e-06 9.119061028537604342e-06 9.523066487052685042e-06 9.813069714868418993e-06 1.001134286364876575e-05 1.013773927036465095e-05 1.020760906622213520e-05 1.023190745537936305e-05 1.021812778078697664e-05 1.017135374266138180e-05 1.009512534134343167e-05 9.992085465895127175e-06 9.864426192155642396e-06 9.714212684871532475e-06 9.543621789792419374e-06 9.355149507175295720e-06 1.134820460243288339e-05 1.526590075856156445e-05 2.039010861601867850e-05 2.704505881222389255e-05 3.562879393340367815e-05 4.662689931382570324e-05 6.062789746471526967e-05 7.834138900909783012e-05 1.006179276252731198e-04 1.284715866484410990e-04 1.631051385720124847e-04 2.059375913708965376e-04 2.586340517209108022e-04
7.652195401729323225e-14 1.140330078162358830e-13 1.688200398774311339e-13 2.483180077518136068e-13 3.629312274296093444e-13 5.271214237534010467e-13 7.608562024241713074e-13 1.091521511709938353e-12 1.556419299393749662e-12 2.206014162393170702e-12 3.108088655181212137e-12 4.353011442723338879e-12 6.060309828739948458e-12 8.386662537622538227e-12 1.153538812975504039e-11 1.576704253096497921e-11 2.141030960489047722e-11 2.887108845772825096e-11 3.863629788426560350e-11 1.064641516119091186e-10 1.460619934559977538e-10 1.984967042173069095e-10 2.667407783992760213e-10 3.536528884206148029e-10 4.613708148719756967e-10 5.904925963842975859e-10 7.393228946963028708e-10 9.037849753466127573e-10 1.078654723089892778e-09 1.260053744493027249e-09 1.447872635907584572e-09 1.646560880220277722e-09 2.310554232366664723e-09 3.425374455365446559e-09 5.078239211608737281e-09 7.514227634286891238e-09 1.106806947480000970e-08 1.617429168494060631e-08 2.335705801541320105e-08 3.318191617583924746e-08 4.615350634623484080e-08 6.256174835005138743e-08 8.232124621447635769e-08 1.048938426637938420e-07 1.293752494485943221e-07 1.547235668371224139e-07 1.799916102629365790e-07 2.044418460270878977e-07 2.275471680237616498e-07 2.489576179161962168e-07 2.684852379855675394e-07 2.861013134499000669e-07 3.019218454098391833e-07 3.161686391851828869e-07 3.291170310021368539e-07 3.410465916844199014e-07 3.522086232083715706e-07 4.140577434409770074e-07 5.669263511158973011e-07 7.693827517853360184e-07 1.034406100162251382e-06 1.376639601818199369e-06 1.811482867333169547e-06 2.353328535351021302e-06 3.012671120529571169e-06 3.791986654329071819e-06 4.680817215851116934e-06 5.651439787179044364e-06 6.657728918700876446e-06 7.640225852001451283e-06 8.538407138636813469e-06 9.306093042952085040e-06 9.921871435922944532e-06 1.038888520716730509e-05 1.072605628153084636e-05 1.095766476495905116e-05 1.110624888197528754e-05 1.118965586176336268e-05 1.122081681064188749e-05 1.120865974564648596e-05 1.115926688315029189e-05 1.107686495346735044e-05 1.096457741316698506e-05 1.082494759871334021e-05 1.066031606065607916e-05 1.047309351189190749e-05 1.026598979208423221e-05 1.188775517315484424e-05 1.599142435358401020e-05 2.135868073798289794e-05 2.832897269700776190e-05 3.731895987564175693e-05 4.883685338884613915e-05 6.349844967633392354e-05 8.204608597336829692e-05 1.053693303670600706e-04 1.345285072993619116e-04 1.707809492979335433e-04 2.156097328021403545e-04 2.707548963166040573e-04
8.016582037370011799e-14 1.194632644846875714e-13 1.768596269190102771e-13 2.601442708400160902e-13 3.802177324562361005e-13 5.522320307375977814e-13 7.971090144768259130e-13 1.143545680176983612e-12 1.630634263352543439e-12 2.311270251995141309e-12 3.256518465242253842e-12 4.561156358458471303e-12 6.350604662722039719e-12 8.789383497182030576e-12 1.209120206689879382e-11 1.653032653763088672e-11 2.245345306713413717e-11 3.029001990448779870e-11 4.055750878767326064e-11 1.116110066658458473e-10 1.532584252359258803e-10 2.085143310800645805e-10 2.806157910742279985e-10 3.727531141359379376e-10 4.874516680953449870e-10 6.257032564535488044e-10 7.860967990878288729e-10 9.645482261614186518e-10 1.155377421998380761e-09 1.353861973792678120e-09 1.559031329292046174e-09 1.774902892597756778e-09 2.390636000811348680e-09 3.539254051003745420e-09 5.241073744528783341e-09 7.749126035945230366e-09 1.141101527679067718e-08 1.668206895432606666e-08 2.411929796988284175e-08 3.433764529329460984e-08 4.791006703594356027e-08 6.520890947058073361e-08 8.622743701847691744e-08 1.104718003092007753e-07 1.370197551219967029e-07 1.647479536547132982e-07 1.925947182283674622e-07 2.197116147540311698e-07 2.454811160520261634e-07 2.694810150962146091e-07 2.914636265511133200e-07 3.113536635502379942e-07 3.292390173278343446e-07 3.453352394444899971e-07 3.599310713990927434e-07 3.733323604262634608e-07 3.858218781741713942e-07 4.337140365079205143e-07 5.942844339443016965e-07 8.071379747231962764e-07 1.086110051245516314e-06 1.446933808899401709e-06 1.906369550010961188e-06 2.480459123861924064e-06 3.181601624850295423e-06 4.014290165308136661e-06 4.969854026050170122e-06 6.021486322762360153e-06 7.122163093016994049e-06 8.208763298220243527e-06 9.214124449919091386e-06 1.008374636457924068e-05 1.078878490800436459e-05 1.132809955629306545e-05 1.171996983570250411e-05 1.199055986004544808e-05 1.216529241790293557e-05 1.226483289338014804e-05 1.230440146744742547e-05 1.229461412139859917e-05 1.224273841205920560e-05 1.215381949311671255e-05 1.203155293811665707e-05 1.187889764569025702e-05 1.169851631711623039e-05 1.149308941175878899e-05 1.126556996863578344e-05 1.245299601972889143e-05 1.675149318653510808e-05 2.237337046836470610e-05 2.967401823228545693e-05 3.908959891661829676e-05 5.115194145848660776e-05 6.650566442636652003e-05 8.592714112638884705e-05 1.103468855255674414e-04 1.408736551976486496e-04 1.788219046890640747e-04 2.257417682163959658e-04 2.834516836675961618e-04
8.398319217029942345e-14 1.251520869142024893e-13 1.852820249562913017e-13 2.725336503697133201e-13 3.983273475038609944e-13 5.785382984029972726e-13 8.350880321758464408e-13 1.198047020771410934e-12 1.708383035281539133e-12 2.421538209108832500e-12 3.412015929539416049e-12 4.779212414815743792e-12 6.654722565773570916e-12 9.211281600725782749e-12 1.267348500572019657e-11 1.732996430543299846e-11 2.354629153002826565e-11 3.177657988195741918e-11 4.257036667804456162e-11 1.169902636865662719e-10 1.607815369118991270e-10 2.189898473341819306e-10 2.951312132684770698e-10 3.927480591668968313e-10 5.147830436103830724e-10 6.626648476198206266e-10 8.353257708074929127e-10 1.028741614706734657e-09 1.236819999487268246e-09 1.453965942528488890e-09 1.678230444737405436e-09 1.913049279508887799e-09 2.474217657750129616e-09 3.657933520340483223e-09 5.410411027905327196e-09 7.992712475164886629e-09 1.176540348392530590e-08 1.720475039101181647e-08 2.490096182716605078e-08 3.551936754858081862e-08 4.970378313012293502e-08 6.791453990954431455e-08 9.023348899560134312e-08 1.162246594123924865e-07 1.449602968538555172e-07 1.752400846448599072e-07 2.058817988139374893e-07 2.359139710989390645e-07 2.646166759743965852e-07 2.914860723997540397e-07 3.162067601570238115e-07 3.386486963658187726e-07 3.588633761135805433e-07 3.770532319520591290e-07 3.935164501178355502e-07 4.085844636169138020e-07 4.225733782024109399e-07 4.542267336377505538e-07 6.228653014813185504e-07 8.466128271508497055e-07 1.140203157835511416e-06 1.520514928509263985e-06 2.005742388919920284e-06 2.613673882143687259e-06 3.358743727272778528e-06 4.247639345326402978e-06 5.273716571184943800e-06 6.411393220667735243e-06 7.613092047494638079e-06 8.812287089154611849e-06 9.935110607587563047e-06 1.091813299334000014e-05 1.172398539792709214e-05 1.234608263834338309e-05 1.280128888526693647e-05 1.311742125210909571e-05 1.332295378087855000e-05 1.344170868299939504e-05 1.349154637555548813e-05 1.348506322898554981e-05 1.343093134784161354e-05 1.333517021863727455e-05 1.320215632501167832e-05 1.303534048797206217e-05 1.283776280079779480e-05 1.261241546303238251e-05 1.236252866968355086e-05 1.304515030900187799e-05 1.754775206301326137e-05 2.343637365347584005e-05 3.108310620395542047e-05 4.094454290016252200e-05 5.357733094134472780e-05 6.965604990699384639e-05 8.999295375491760118e-05 1.155613652355527531e-04 1.475207617059636541e-04 1.872454048872696810e-04 2.363556201978045401e-04 2.967518799678561694e-04
8.798233099921344671e-14 1.311117869080507479e-13 1.941054618227113138e-13 2.855129595531819479e-13 4.172992655725339383e-13 6.060971590227155591e-13 8.748754500702973293e-13 1.255143485809656858e-12 1.789833879807789475e-12 2.537056676689229831e-12 3.574917577154622219e-12 5.007651530773402854e-12 6.973321712735785043e-12 9.653269924124537647e-12 1.328349712850490163e-11 1.816768641824829503e-11 2.469119012631752302e-11 3.333398562459941084e-11 4.467922783786199008e-11 1.226119935891709304e-10 1.686455131325445473e-10 2.299431438961512629e-10 3.103147965090352022e-10 4.136762151430809518e-10 5.434180093637065108e-10 7.014503116399546628e-10 8.871108370238116722e-10 1.096509002226483656e-09 1.323196069573603293e-09 1.560689908725155782e-09 1.805949177433987740e-09 2.061663423521568871e-09 2.561468774720822685e-09 3.781652153078599489e-09 5.586587080930535237e-09 8.245454885957055458e-09 1.213187572699790212e-08 1.774319062391146548e-08 2.570312802815403815e-08 3.672831178777180872e-08 5.153579040509564274e-08 7.067921775074521981e-08 9.433893320954029797e-08 1.221511335540339796e-07 1.531968918330256100e-07 1.862058690928466640e-07 2.198707292535391894e-07 2.530845121746704718e-07 2.850115432746992116e-07 3.150557183125969749e-07 3.428252198161160078e-07 3.681265231044161221e-07 3.909656059736812654e-07 4.115236998734117167e-07 4.301031836948416925e-07 4.470594063724192609e-07 4.627431966098728006e-07 4.774639418360008105e-07 6.527157591323246573e-07 8.878773867513793438e-07 1.196787021724194064e-06 1.597526779266457084e-06 2.109801205267975108e-06 2.753246267554988241e-06 3.544466891678701215e-06 4.492528014869776580e-06 5.593059841961856081e-06 6.822028173200322120e-06 8.131677221010900319e-06 9.452389186429135549e-06 1.070360486000824983e-05 1.181241877144293405e-05 1.273181961568818242e-05 1.344848077931537908e-05 1.397689918287516605e-05 1.434618155810380323e-05 1.458796888809536716e-05 1.472958982035647328e-05 1.479193530284873309e-05 1.478991808235850733e-05 1.473387127507623695e-05 1.463097295500447701e-05 1.448640968413015328e-05 1.430421487150128557e-05 1.408787130087146636e-05 1.384073212711375533e-05 1.356634404267055312e-05 1.366549943746692039e-05 1.838192409023802141e-05 2.454999067172405916e-05 3.255928598093941426e-05 4.288780610099903227e-05 5.611819687949360443e-05 7.295630408008203446e-05 9.425232300929023204e-05 1.210240544129392273e-04 1.544842117583724000e-04 1.960696781142588329e-04 2.474742544913347670e-04 3.106842582376956406e-04
9.217189183449319575e-14 1.373552625052867554e-13 2.033490332837305515e-13 2.991102883340298832e-13 4.371745458666505700e-13 6.349682557433764848e-13 9.165573764660332260e-13 1.314958644000998332e-12 1.875163073618843462e-12 2.658075660895676174e-12 3.745575961373291120e-12 5.246968096425368791e-12 7.307091618894633866e-12 1.011630502269156519e-11 1.392255862929398505e-11 1.904530588241710257e-11 2.589062665758853434e-11 3.496560769097711789e-11 4.688865631598358729e-11 1.284866831416261600e-10 1.768651275552595817e-10 2.413949442671230803e-10 3.261954671284810232e-10 4.355777267626172552e-10 5.734119406442459454e-10 7.421357361477405091e-10 9.415570876693018534e-10 1.167999068792424142e-09 1.414724808008963831e-09 1.674366198207848794e-09 1.942682433211910084e-09 2.221439093954033769e-09 2.652566197988572305e-09 3.910659505237951722e-09 5.769952457117186347e-09 8.507842006257896035e-09 1.251110406482981768e-08 1.829829022769517753e-08 2.652694678855744133e-08 3.796582080417869783e-08 5.340739947909804889e-08 7.350375551236844865e-08 9.854351711707576278e-08 1.282499218795213508e-07 1.617290339045257775e-07 1.976501198296660003e-07 2.345781046676894218e-07 2.712580833875384740e-07 3.067238972128140479e-07 3.402751041247612312e-07 3.714339009281571014e-07 3.999339995203508247e-07 4.257259488490416395e-07 4.489604572630661275e-07 4.699374103141483335e-07 4.890332120596692198e-07 5.066341326124535100e-07 5.230898716213210233e-07 6.838833502583795481e-07 9.310034833494665179e-07 1.255966444329298836e-06 1.678118376304325630e-06 2.218753717750064585e-06 2.899461241017543164e-06 3.739156841538423436e-06 4.749472405791753639e-06 5.928568879381732925e-06 7.254297636562194874e-06 8.679127378703865368e-06 1.013071635060069254e-05 1.152191169342084294e-05 1.276986298754194609e-05 1.381679435039839056e-05 1.464121334708733241e-05 1.525410329887541457e-05 1.568533728474484829e-05 1.596976591299915327e-05 1.613857517791172171e-05 1.621611592123711258e-05 1.622000123401225207e-05 1.616252434145934590e-05 1.605223924064440685e-05 1.589529577096480080e-05 1.569641755222303935e-05 1.545960728570342299e-05 1.518863683068803271e-05 1.488741504530272726e-05 1.456030406733537655e-05 1.925581440041960072e-05 2.571663142241286613e-05 3.410575209570365402e-05 4.492359390502662889e-05 5.878003796258448146e-05 7.641379181025629338e-05 9.871446694568919065e-05 1.267467751754114186e-04 1.617790749866747444e-04 2.053138201079169787e-04 2.591217296755633131e-04 3.252789605315179020e-04
9.656094176329622851e-14 1.438960258948083077e-13 2.130327443640708317e-13 3.133550641797204066e-13 4.579962026556755693e-13 6.652140716653790615e-13 9.602240197821178601e-13 1.377621947876138708e-12 1.964555286962437178e-12 2.784857072157606111e-12 3.924360422683527844e-12 5.497680042945002894e-12 7.656754632236414205e-12 1.060138900136898043e-11 1.459205257106146482e-11 1.996472205047363698e-11 2.714719695677722681e-11 3.667497725847861756e-11 4.920343380583152019e-11 1.346252508519015669e-10 1.854557653099874886e-10 2.533668361812931059e-10 3.428033707844827530e-10 4.584944548191734886e-10 6.048226117726869619e-10 7.848004960437305532e-10 9.987739046632818413e-10 1.243365655043367631e-09 1.511631290100391021e-09 1.795335205750032339e-09 2.088940344915917310e-09 2.393100089394308707e-09 2.747694349221029739e-09 4.045215817920454506e-09 5.960872813273690751e-09 8.780384122253815272e-09 1.290379190451994890e-08 1.887099677929390871e-08 2.737364126860084329e-08 3.923335301704060356e-08 5.532010025865303852e-08 7.638921463156296446e-08 1.028472431729608083e-07 1.345197806239342484e-07 1.705557688576549134e-07 2.095765551789965360e-07 2.500191047686568203e-07 2.904685330717429547e-07 3.298121342624621835e-07 3.672314059133555754e-07 4.021519331285030593e-07 4.342247836090286195e-07 4.633344257878468028e-07 4.895904881956099263e-07 5.132821198199903201e-07 5.348025072865645202e-07 5.545731845197749700e-07 5.729869698432837818e-07 7.164162162583402748e-07 9.760645812389353031e-07 1.317849358575802845e-06 1.762443944411403278e-06 2.332815674676070601e-06 3.052615564867044447e-06 3.943216085227516869e-06 5.019012004604654958e-06 6.280960084542082587e-06 7.709148850191336675e-06 9.256701620085803781e-06 1.084897402308690909e-05 1.239240425079104755e-05 1.379381896354565718e-05 1.498357378698668452e-05 1.593047135928173688e-05 1.664062837411278009e-05 1.714397200700894412e-05 1.747850590700322123e-05 1.767961240551301747e-05 1.777556891990664302e-05 1.778712503441636782e-05 1.772888167494094858e-05 1.761102457094238896e-05 1.744084832615981322e-05 1.722389447324310452e-05 1.696477700209589258e-05 1.666775432019393518e-05 1.633715054864180345e-05 1.597770523474755959e-05 2.017131405943256423e-05 2.693882051984304078e-05 3.572585117190449187e-05 4.705631189759710301e-05 6.156861466692586883e-05 8.003589100778658340e-05 1.033888730305648941e-04 1.327419124257974282e-04 1.694211383289754202e-04 2.149978354370456624e-04 2.713232492024705259e-04 3.405675631119692249e-04
1.011589796089618406e-13 1.507482326585635546e-13 2.231775526427784570e-13 3.282781157687737884e-13 4.798092983660282439e-13 6.969000650694108197e-13 1.005969883780733170e-12 1.443269013949587983e-12 2.058203983311580797e-12 2.917675292003545919e-12 4.111657888106286496e-12 5.760329963496634631e-12 8.023067496760064639e-12 1.110957168349282011e-11 1.529342787895289438e-11 2.092792473174678785e-11 2.846362050611686868e-11 3.846579376563553673e-11 5.162856999452617955e-11 6.877875182194453676e-11 1.944334462447388388e-10 2.658813043594936186e-10 3.601699185124571301e-10 4.824700412454109492e-10 6.377102900967488152e-10 8.295273968664755688e-10 1.058875193645593662e-09 1.322768118206207839e-09 1.614146882013407875e-09 1.923945483950447397e-09 2.245247805370349770e-09 2.577399723874860791e-09 2.927474271288764993e-09 4.185592453299453244e-09 6.159729504651196914e-09 9.063613852699093109e-09 1.331067498184033476e-08 1.946230599813998921e-08 2.824450882993286857e-08 4.053248412873761010e-08 5.727556590508429715e-08 7.933691840521236756e-08 1.072504050620163089e-07 1.409595955169893382e-07 1.796757815911497996e-07 2.219878237444702098e-07 2.662073779757399879e-07 3.107484614696056827e-07 3.543345723490593514e-07 3.960135876126270602e-07 4.351025655008926807e-07 4.711593678202036271e-07 5.039910386306591835e-07 5.336543687591624178e-07 5.604178734866867071e-07 5.846856153759918951e-07 6.069130636185671113e-07 6.275384671942153548e-07 7.503629345157600086e-07 1.023135634596161779e-06 1.382546731496183750e-06 1.850662902182788884e-06 2.452210960186973154e-06 3.213018080700050209e-06 4.157064429843591460e-06 5.301710394351983487e-06 6.650982536834274623e-06 8.187571877500942610e-06 9.865712458749905717e-06 1.160893046228303574e-05 1.331752836770991532e-05 1.488773545930755150e-05 1.623697704208083159e-05 1.732271500951365422e-05 1.814463190403410451e-05 1.873177798208462529e-05 1.912512342254170521e-05 1.936455648461297421e-05 1.948278115073845483e-05 1.950417553180583139e-05 1.944605062254931428e-05 1.932052427222493541e-05 1.913625056036792260e-05 1.889974038399371716e-05 1.861632715646203254e-05 1.829083561920575362e-05 1.792806699687735382e-05 1.753318897670391396e-05 2.113040415123622275e-05 2.821920276915619726e-05 3.742308914659828336e-05 4.929057540801756330e-05 6.448996170046184515e-05 8.383044025336016411e-05 1.082859714641901491e-04 1.390224406535882828e-04 1.774269401910312624e-04 2.251426807838599836e-04 2.841052159167764741e-04 3.565831447314201513e-04
1.059759564884534105e-13 1.579267124071934403e-13 2.338054136098128068e-13 3.439117397104827572e-13 5.026610411056097030e-13 7.300948110818747960e-13 1.053893972093107733e-12 1.512041916222200050e-12 2.156311838060024275e-12 3.056817766880202673e-12 4.307873708586451025e-12 6.035486287520769222e-12 8.406822990229671814e-12 1.164195288283064919e-11 1.602820247606348176e-11 2.193699849872780901e-11 2.984274632268615463e-11 4.034193291857981507e-11 5.416931340537476424e-11 7.220420052963979252e-11 2.038148489738616027e-10 2.789617643992300333e-10 3.783278343613580420e-10 5.075499762627217717e-10 6.721378324649536282e-10 8.764028203842274030e-10 1.121979617934477536e-09 1.406371699771844457e-09 1.722509681595191860e-09 2.060553927303881116e-09 2.412144043523508283e-09 2.775120174740775949e-09 3.155743300381529117e-09 4.332072348160114817e-09 6.366920206717615060e-09 9.358086973936129266e-09 1.373252240321122721e-08 2.007326297402468740e-08 2.914092239194914152e-08 4.186490879733665913e-08 5.927565640854370753e-08 8.234846348770352124e-08 1.117536213316310254e-07 1.475684538757891240e-07 1.890874935304469909e-07 2.348855528494778475e-07 2.831549476183268415e-07 3.321289692090855459e-07 3.803491272656176713e-07 4.267121220912065578e-07 4.704130120822972006e-07 5.109050816548810455e-07 5.479059498144668166e-07 5.814066701955849965e-07 6.116435102001123446e-07 6.390236528334584768e-07 6.640337426444890717e-07 6.871590380120734203e-07 7.857723329539887141e-07 1.072292913389741148e-06 1.450172433821357002e-06 1.942939812611725142e-06 2.577171669477747871e-06 3.380989961972980195e-06 4.381139478525580265e-06 5.598156090783150351e-06 7.039419317310657357e-06 8.690601664196276552e-06 1.050752896143763578e-05 1.241242110268075662e-05 1.429980720249709267e-05 1.605515898189442973e-05 1.758197615320625058e-05 1.882467029834797298e-05 1.977470545630164882e-05 2.045907582890890564e-05 2.092136670539232105e-05 2.120623005219066595e-05 2.135132275690534184e-05 2.138520220624857748e-05 2.132835321373893059e-05 2.119517756340454461e-05 2.099594244957624344e-05 2.073830763422452862e-05 2.042845395176457395e-05 2.007186639280056568e-05 1.967389541808146414e-05 1.924019538063868889e-05 2.213516006184516706e-05 2.956054887124054642e-05 3.920113886005638078e-05 5.163121948160088375e-05 6.755040106496967573e-05 8.780565130262567275e-05 1.134162126741435002e-04 1.456017137268571606e-04 1.858138062342849046e-04 2.357703102878645762e-04 2.974952891727253670e-04 3.733603581684448165e-04
1.110222973486616135e-13 1.654470008744180849e-13 2.449393281823288371e-13 3.602897704415447106e-13 5.266008868320420680e-13 7.648701500858335565e-13 1.104100002484125677e-12 1.584089493659085943e-12 2.259091177154288600e-12 3.202585630246814993e-12 4.513432536257251133e-12 6.323744510934545395e-12 8.808851639911714252e-12 1.219968478380921695e-11 1.679796656854236192e-11 2.299412719852522813e-11 3.128755912429588343e-11 4.230745507896813962e-11 5.683116275719017046e-11 7.579307498501366061e-11 2.136173357502189539e-10 2.926325978322855787e-10 3.973112046618450372e-10 5.337816677246236099e-10 7.081707843483423860e-10 9.255168726703800784e-10 1.188210834588894412e-09 1.494347902497382829e-09 1.836965003998832385e-09 2.205526056145685098e-09 2.590182270470310312e-09 2.987071717118625023e-09 3.401384514315977516e-09 4.484950485320552646e-09 6.582859564011379146e-09 9.664383286305774628e-09 1.417013775058356987e-08 2.070496348605334020e-08 3.006433189841831354e-08 4.323244235807607947e-08 6.132242185429914328e-08 8.542573006711940696e-08 1.163578662931412342e-07 1.543457153036025715e-07 1.987891684223181021e-07 2.482704207475671658e-07 3.008721446788765937e-07 3.546394112632877364e-07 4.079129638127730645e-07 4.594186676955909761e-07 5.082142522205599561e-07 5.536360596591927214e-07 5.952996374980873455e-07 6.331163415128445772e-07 6.672768360770626216e-07 6.981816233682498835e-07 7.263440321023660419e-07 7.522968935806799815e-07 8.226932801931901664e-07 1.123613797235469545e-06 1.520843072637424564e-06 2.039444295133852136e-06 2.707938147343628497e-06 3.556864935373817401e-06 4.615897105426703131e-06 5.908963367662296204e-06 7.447088833180324703e-06 9.219320110161233859e-06 1.118357993541798928e-05 1.326135310617552696e-05 1.534184642655643614e-05 1.729973706147769631e-05 1.902369475549747028e-05 2.044332500967830312e-05 2.153987628736253886e-05 2.233683191205142410e-05 2.287983697516172640e-05 2.321848513042572699e-05 2.339592816977893903e-05 2.344551369924150356e-05 2.339143224352985167e-05 2.325078038111856439e-05 2.303573754194144924e-05 2.275532493352412639e-05 2.241672231978649994e-05 2.202618558089064320e-05 2.158969867561784161e-05 2.111347026089621556e-05 2.318775596311093397e-05 3.096576142176132737e-05 4.106384799320633776e-05 5.408330934265350668e-05 7.075655574070396935e-05 9.197012682985927974e-05 1.187906989887878366e-04 1.524944118090412748e-04 1.945998868680124034e-04 2.469037230491999716e-04 3.115224446718449763e-04 3.909355051739978721e-04
1.163089235281713400e-13 1.733253735396156178e-13 2.566033924834759431e-13 3.774476534508635013e-13 5.516806463857118612e-13 8.013013431986362567e-13 1.156696631319277167e-12 1.659567672308285055e-12 2.366764436611449736e-12 3.355294354290994198e-12 4.728779243476344721e-12 6.625728484909552056e-12 9.230023520009913300e-12 1.278397443508273979e-11 1.760438608713203714e-11 2.410159867916979390e-11 3.280118578905739439e-11 4.436661405152771174e-11 5.961987886502970002e-11 7.955314233945033130e-11 2.238589781826346625e-10 3.069191883809182568e-10 4.171555289753415209e-10 5.612145127387248003e-10 7.458774817753518539e-10 9.769635349419243058e-10 1.257697732601213913e-09 1.586874874749685866e-09 1.957765906912608884e-09 2.359236402295515435e-09 2.779929421014675404e-09 3.214091876428347555e-09 3.665560085011347442e-09 4.644534383266037819e-09 6.807979866526806268e-09 9.983107522614253028e-09 1.462436025046220601e-08 2.135855541582108994e-08 3.101626590410779380e-08 4.463702262426253271e-08 6.341810546220943121e-08 8.857089085560059699e-08 1.210644981472443277e-07 1.612910800524035831e-07 2.087790244679867893e-07 2.621422520032418135e-07 3.193675710880764019e-07 3.783071630873017632e-07 4.370821255155663756e-07 4.942256985064310574e-07 5.486407801347281525e-07 5.995331689356019678e-07 6.464030224095530512e-07 6.890670697715040492e-07 7.276552949470394482e-07 7.625495042507364792e-07 7.942831772103819402e-07 8.234359415595700424e-07 8.611744506422632323e-07 1.177176534763428820e-06 1.594677783035070487e-06 2.140350893731823266e-06 2.844758983749105596e-06 3.740989464189041400e-06 4.861811901583158948e-06 6.234773065035956573e-06 7.874846138408475547e-06 9.774858150402334953e-06 1.189535715419328685e-05 1.415771007592238945e-05 1.644633993254570605e-05 1.862522253015725017e-05 2.056740767029753206e-05 2.218592432157207682e-05 2.344960689739017371e-05 2.437667309565708351e-05 2.501402626768906831e-05 2.541626581778934837e-05 2.563258078430568973e-05 2.570177964706032113e-05 2.565236535560215406e-05 2.550460755938712681e-05 2.527295002045894582e-05 2.496802691364622702e-05 2.459819625685708659e-05 2.417061524806148583e-05 2.369199991039344449e-05 2.316919151728046326e-05 2.429046951646235013e-05 3.243788118441399184e-05 4.301524739340558025e-05 5.665215133659643143e-05 7.411536398308426424e-05 9.633287905998002567e-05 1.244210612677103809e-04 1.597152440364721533e-04 2.038038625324788307e-04 2.585670128941994542e-04 3.262170371510820805e-04 4.093466149893467136e-04
1.218472763933268466e-13 1.815788808513706921e-13 2.688228499914575719e-13 3.954225219910160059e-13 5.779545976192873652e-13 8.394672351527476604e-13 1.211797688719805873e-12 1.738639802757415697e-12 2.479564643917300150e-12 3.515274432676639935e-12 4.954379885622843730e-12 6.942091766016479853e-12 9.671250134688169641e-12 1.339608636183927257e-11 1.844920629259206668e-11 2.526180974099949423e-11 3.438690212261459654e-11 4.652386629024462327e-11 6.254149710811922964e-11 8.349254023168813907e-11 2.345585838202645345e-10 3.218479594436207850e-10 4.378977727717967746e-10 5.898999716497882301e-10 7.853291562401857668e-10 1.030840817449443032e-09 1.330574673369571518e-09 1.684137800571814509e-09 2.085173749992396249e-09 2.522068995463266564e-09 2.981966014272725769e-09 3.457044536182397946e-09 3.949483622377051855e-09 4.811144604331856992e-09 7.042731754082567571e-09 1.031489029930669012e-08 1.509606600822068588e-08 2.203524025761471678e-08 3.199833329002395871e-08 4.608071179505592654e-08 6.556514647565687579e-08 9.178641903837789489e-08 1.258752843646156604e-07 1.684046542656179323e-07 2.190553506812313276e-07 2.765001347399768541e-07 3.386480969343192228e-07 4.031574061568031944e-07 4.679111481762468514e-07 5.312260876096895174e-07 5.918302980239852156e-07 6.487838894043813002e-07 7.014575618219690068e-07 7.495576159104473135e-07 7.931366174866113529e-07 8.325433201763199552e-07 8.683224679545617531e-07 9.010980037611788500e-07 9.314767832942428914e-07 1.233059966277803448e-06 1.671797974595640858e-06 2.245838895323440709e-06 2.987890959461990550e-06 3.933722886030252135e-06 5.119377583883922245e-06 6.576253373149780189e-06 8.323584244298908862e-06 1.035839783986192305e-05 1.264441861213469664e-05 1.510355690493495927e-05 1.761607601167753160e-05 2.003547881404990239e-05 2.221854161029945910e-05 2.405996638172509827e-05 2.551379264465343974e-05 2.659089857539643115e-05 2.733835328042032379e-05 2.781567141344443807e-05 2.807860103459942417e-05 2.817213866856190736e-05 2.812978748132812301e-05 2.797554496555604877e-05 2.772653280097968166e-05 2.739529540475707715e-05 2.699158124070355719e-05 2.652360266860487764e-05 2.599892322246260447e-05 2.542510761746252646e-05 2.544568679059346590e-05 3.398009366271007812e-05 4.505955978378721889e-05 5.934330442345448007e-05 7.763409435692422006e-05 1.009033492362008369e-04 1.303194840292285330e-04 1.672798369438697813e-04 2.134462708651303222e-04 2.707854205108329725e-04 3.416108660569127124e-04 4.286335266055729914e-04
1.276493420997449574e-13 1.902253851282158776e-13 2.816241461717054728e-13 4.142532774423873254e-13 6.054796028663581657e-13 8.794504249322614574e-13 1.269522424914928647e-12 1.821477013658547552e-12 2.597735922346629834e-12 3.682872095801450969e-12 5.190722709738747796e-12 7.273519030658428473e-12 1.013348639075647255e-11 1.403734530249806270e-11 1.933425555280923007e-11 2.647727132383942631e-11 3.604813994768418659e-11 4.878388054311872108e-11 6.560234049194999665e-11 8.761979440067539409e-11 2.457357236259100071e-10 3.374464128413802326e-10 4.595764218832300604e-10 6.198916444639656672e-10 8.266000427394742182e-10 1.087250916710514780e-09 1.406981733699888395e-09 1.786329294222766451e-09 2.219458783134769727e-09 2.694417946952923106e-09 3.196886153637191863e-09 3.716819042985614388e-09 4.254419354338461476e-09 4.985115281772738538e-09 7.287584949124261922e-09 1.066038911098136439e-08 1.558616930878433131e-08 2.273627472816125389e-08 3.301222511489977477e-08 4.756569849477591974e-08 6.776618297100104774e-08 9.507509532996211790e-08 1.307924244170688856e-07 1.756870114858476863e-07 2.296166253707122017e-07 2.913425578031079607e-07 3.587188941084254419e-07 4.292129404235685007e-07 5.004526639753815566e-07 5.705126440171014897e-07 6.379233473250255494e-07 7.015821392222390949e-07 7.607153048974193477e-07 8.149021233845247906e-07 8.640994470664932717e-07 9.086062003330150408e-07 9.489668546793427408e-07 9.858450834947973743e-07 1.019910883888079693e-06 1.291343207817241271e-06 1.752327028562682227e-06 2.356092092314944944e-06 3.137598934144497450e-06 4.135437496363676032e-06 5.389107358248926471e-06 6.934100583448344197e-06 8.794235412582054504e-06 1.097117443591530105e-05 1.343239179910307875e-05 1.610104473349140367e-05 1.885394394766415799e-05 2.153448622450038411e-05 2.398267717862845436e-05 2.607319820643652281e-05 2.774275762967929256e-05 2.899248856035563000e-05 2.986819664218695548e-05 3.043401936366623922e-05 3.075273749437301148e-05 3.087631248092590088e-05 3.084402195415476692e-05 3.068423219523656198e-05 3.041722747974309117e-05 3.005781337395888422e-05 2.961737977953371630e-05 2.910537575721143476e-05 2.853034772166758396e-05 2.790068935079810755e-05 2.722523399804671271e-05 3.559573598226620027e-05 4.720120889484311874e-05 6.216259218415780871e-05 8.132036143648637241e-05 1.056914280588633001e-04 1.364987318738823869e-04 1.752045608661873541e-04 2.235476882704384922e-04 2.835849214897355648e-04 3.577372443474628435e-04 4.488379749425215701e-04
1.337276775328652518e-13 1.992835992164287473e-13 2.950349857104032845e-13 4.339806735039019637e-13 6.343152320034295051e-13 9.213374445343969659e-13 1.329995768324299423e-12 1.908258582086443155e-12 2.721534019297096080e-12 3.858450060111997445e-12 5.438319211197775120e-12 7.620727556853991274e-12 1.061773266428915507e-11 1.470913907572092177e-11 2.026144929976871847e-11 2.775061394120310714e-11 3.778849453124796220e-11 5.115154795635963850e-11 6.880903333282272095e-11 9.194383713818658909e-11 2.574107603607859576e-10 3.537431688554392005e-10 4.822315387794708455e-10 6.512453497919269215e-10 8.697674910862659595e-10 1.146300376377286302e-09 1.487064951667230871e-09 1.893649798296646014e-09 2.360900758477817335e-09 2.876688125027257402e-09 3.425297682401802201e-09 3.994329353828854445e-09 4.581681044202752825e-09 5.198340731652490355e-09 7.543029018412384738e-09 1.102028936886581181e-08 1.609562398469309548e-08 2.346297247819096218e-08 3.405971660968062796e-08 4.909429996571020619e-08 7.002405465311729030e-08 9.844001428602282773e-08 1.358185700066113125e-07 1.831392499815922965e-07 2.404616347383959643e-07 3.066675653247780420e-07 3.795835079066813030e-07 4.564940312062227619e-07 5.347570042655861648e-07 6.121776054762207834e-07 6.870628732789328782e-07 7.581280370638330905e-07 8.244389023335064944e-07 8.854303960076241059e-07 9.409439404682548536e-07 9.912094149926103674e-07 1.036756561831834893e-06 1.078281672881569784e-06 1.116517927132760707e-06 1.352105295184629023e-06 1.836389941664418089e-06 2.471298482922191193e-06 3.294155668633101926e-06 4.346518568320036397e-06 5.671534226883657058e-06 7.309039796693788351e-06 9.287772422090837034e-06 1.161447847103478666e-05 1.426097698596074899e-05 1.715241599144699916e-05 2.016294097301180423e-05 2.312634921207985168e-05 2.586555230380242781e-05 2.823361227744890432e-05 3.014724914722528921e-05 3.159510965860813344e-05 3.261992502497977164e-05 3.328990733529793832e-05 3.367526051603290515e-05 3.383572602915384719e-05 3.381722057055330929e-05 3.365321642720567010e-05 3.336772697697015289e-05 3.297823255515811572e-05 3.249806122856482713e-05 3.193811304208441247e-05 3.130807618827665425e-05 3.061729609617664549e-05 2.987544359696782116e-05 3.728830410951086807e-05 4.944482902590039455e-05 6.511611541312346666e-05 8.518214228770922859e-05 1.107074770745482240e-04 1.429721770377171948e-04 1.835065655110634070e-04 2.341299748874966244e-04 2.969940800708352935e-04 3.746310705714623007e-04 4.700036811335754107e-04
1.400954374836816566e-13 2.087731269885532387e-13 3.090843924732336419e-13 4.546474043925711383e-13 6.645238913716209798e-13 9.652189462428731589e-13 1.393348595929289629e-12 1.999172321531711241e-12 2.851226859780201838e-12 4.042388313098112914e-12 5.697705240688543811e-12 7.984468776577211997e-12 1.112503696564840641e-11 1.541292158394269708e-11 2.123279417495072664e-11 2.908459337327649255e-11 3.961173236547216075e-11 5.363199265989395080e-11 7.216851559446184871e-11 9.647402662115838372e-11 1.280373983881197238e-10 3.707680075877364300e-10 5.059048207118997039e-10 6.840192063862999643e-10 9.149120806444197698e-10 1.208100252024179896e-09 1.570976575726169278e-09 2.006307984857764940e-09 2.509789561432420373e-09 3.069295914561063887e-09 3.667822506717952956e-09 4.290513272174424764e-09 4.932630681834391590e-09 5.603627636254377135e-09 7.809574164047201871e-09 1.139530548386473397e-08 1.662542485249797187e-08 2.421670590785783030e-08 3.514266932096449018e-08 5.066896443394934243e-08 7.234180569698401955e-08 1.018845900163780409e-07 1.409568429798683520e-07 1.907630456097440026e-07 2.515895897466856253e-07 3.224729257343928890e-07 4.012439670083278184e-07 4.850182977135645905e-07 5.708718105325409732e-07 6.563120912694925254e-07 7.393937188824820630e-07 8.186275924647894433e-07 8.929015618549522880e-07 9.614881402142855631e-07 1.024092341477024738e-06 1.080853388597105290e-06 1.132268692926354069e-06 1.179057089977556436e-06 1.222012964724580491e-06 1.415424787125136047e-06 1.924112912807747312e-06 2.591649902674573080e-06 3.457841572517281099e-06 4.567364298247481399e-06 5.967211228182054363e-06 7.701825576686154417e-06 9.805209798378028177e-06 1.228965780666308861e-05 1.513195051138900313e-05 1.826000950327849590e-05 2.154617953331449130e-05 2.481530452799223158e-05 2.787306721367355675e-05 3.054944421105991876e-05 3.273843109093240513e-05 3.441311692171926558e-05 3.561092353627477800e-05 3.640327364665542180e-05 3.686805780581295893e-05 3.707363340614360479e-05 3.707351280358498467e-05 3.690711801563475807e-05 3.660285174465319381e-05 3.618135583696736586e-05 3.565824708097169323e-05 3.504612947683358160e-05 3.435601968033865863e-05 3.359835796673786166e-05 3.278376749860372770e-05 3.906146039804243468e-05 5.179527506568087295e-05 6.821026531246543716e-05 8.922779370434315315e-05 1.159623510803729969e-04 1.497538283194156628e-04 1.922038168914235129e-04 2.452160315499929562e-04 3.110415085318477815e-04 3.923282545237689249e-04 4.921764471115263901e-04
1.467664031184649837e-13 2.187145057702842528e-13 3.238027723191012027e-13 4.762981972427167892e-13 6.961709588370562352e-13 1.011189898818435905e-12 1.459718016518184748e-12 2.094414988368537028e-12 2.987095126267119608e-12 4.235084935665411737e-12 5.969442163907666415e-12 8.365529902013721665e-12 1.165649720759814412e-11 1.615021595992065568e-11 2.225039237212293843e-11 3.048209663100475490e-11 4.152179931919229369e-11 5.623058285709127210e-11 7.568805790772883244e-11 1.012201671656001627e-10 1.344100105169145969e-10 3.885519116754774361e-10 5.306396597704190970e-10 7.182737173465241939e-10 9.621177386203049720e-10 1.272766280133937202e-09 1.658875317502164360e-09 2.124521159324363651e-09 2.666425856583387584e-09 3.272670052359272597e-09 3.925097092598835308e-09 4.606331818783492352e-09 5.308676996805963029e-09 6.039603870918493682e-09 8.087752044281937563e-09 1.178618199477843949e-08 1.717660921839203341e-08 2.499890808785741200e-08 3.626303340863918608e-08 5.229227366550616369e-08 7.472268768972392353e-08 1.054125614389795246e-07 1.462108511443549550e-07 1.985607000810771705e-07 2.630002396210827587e-07 3.387563119502227982e-07 4.237009310851219453e-07 5.148006497341293341e-07 6.088416641371910070e-07 7.030055211749352776e-07 7.950620456032656335e-07 8.832923151845422712e-07 9.663869396768825837e-07 1.043437165474376214e-06 1.113989524882546450e-06 1.178068686910275721e-06 1.236118820487748029e-06 1.288867835284858194e-06 1.337166808399090548e-06 1.481379327608103364e-06 2.015622869286704636e-06 2.717341580449876423e-06 3.628944367547535439e-06 4.798385665442566741e-06 6.276711596428487399e-06 8.113242536370490328e-06 1.034760499376621800e-05 1.299811965736892325e-05 1.604716805947375795e-05 1.942626563515601225e-05 2.300689480657332263e-05 2.660573022235072988e-05 3.001129100846430250e-05 3.302917185855355704e-05 3.552787677238245992e-05 3.746155262243563842e-05 3.885961587455378374e-05 3.979545522084655370e-05 4.035473120494024486e-05 4.061524921993631051e-05 4.063916429273326891e-05 4.047280837367872710e-05 4.014974043037717851e-05 3.969433554734078410e-05 3.912491303448734385e-05 3.845607949101071028e-05 3.770039954169632614e-05 3.686957530792247867e-05 3.597531504456790092e-05 4.091904150673193589e-05 5.425763297692215095e-05 7.145173730542109388e-05 9.346607027485738777e-05 1.214674215957578648e-04 1.568583614104888924e-04 2.013151363283584121e-04 2.568298491530379550e-04 3.257576062117684243e-04 4.108682985989424983e-04 5.154042547000978322e-04
1.537550118040920185e-13 2.291292507875414505e-13 3.392219789047781990e-13 4.989799089048551660e-13 7.293249252822531515e-13 1.059349793031138857e-12 1.529247667418308521e-12 2.194192707676664121e-12 3.129432866144324288e-12 4.436956963665705462e-12 6.254118076472669178e-12 8.764735629252743910e-12 1.221326358141711861e-11 1.692261786311269528e-11 2.331644618692835912e-11 3.194614820418954350e-11 4.352282917760556499e-11 5.895294244271168378e-11 7.937527730594473933e-11 1.061925304459307778e-10 1.410866380031221532e-10 4.071271103917824838e-10 5.564812048985094025e-10 7.540718570620836718e-10 1.011471862042723594e-09 1.340419051550572306e-09 1.750926608723396306e-09 2.248515667091758648e-09 2.831121744913188076e-09 3.487252528759698742e-09 4.197773138687995181e-09 4.942768780688075538e-09 5.711273852494867980e-09 6.508293819688801552e-09 8.378116624576202465e-09 1.219369474228207998e-08 1.775025845393159669e-08 2.581107478790293617e-08 3.742285010232126453e-08 5.396694572791986725e-08 7.717016272211905384e-08 1.090279972074745705e-07 1.515847022220838809e-07 2.065351846299656091e-07 2.746939806069383000e-07 3.555154893253017770e-07 4.469538741536132228e-07 5.458532780227424775e-07 6.487077463077231187e-07 7.523450089871681763e-07 8.542146799605290126e-07 9.523387346499476272e-07 1.045188956704661878e-06 1.131655534844332774e-06 1.211103507562443484e-06 1.283416976246628495e-06 1.348962555621808721e-06 1.408459957318104762e-06 1.462809332808713990e-06 1.550045168119225745e-06 2.111046929768272936e-06 2.848571612482180779e-06 3.807758656914956671e-06 5.040006193453254045e-06 6.600628826961108931e-06 8.544105841275988298e-06 1.091605950319203479e-05 1.374133257232034621e-05 1.700856791606091285e-05 2.065373146419337416e-05 2.454845242655951662e-05 2.850215539729354300e-05 3.228646985091692382e-05 3.568151616504934109e-05 3.852756167938313145e-05 4.075614196978306442e-05 4.238548180463147134e-05 4.348924218005900981e-05 4.416069381688510637e-05 4.448788492156371607e-05 4.454274462918561756e-05 4.437960065181924030e-05 4.403805589199821774e-05 4.354688881602418433e-05 4.292760920833482447e-05 4.219717878201556180e-05 4.136996839065813211e-05 4.045913715909974499e-05 3.947763216414546840e-05 4.286506668381897937e-05 5.683723079028444415e-05 7.484754550741064283e-05 9.790614332721163827e-05 1.272346014494161450e-04 1.643011506059912448e-04 2.108602410590228377e-04 2.689965606049185228e-04 3.411742195409653462e-04 4.302907585097076278e-04 5.397364669582835339e-04
1.610763883535333035e-13 2.400399017299264741e-13 3.553753826228923278e-13 5.227416273537432217e-13 7.640575428347483544e-13 1.109802856979223535e-12 1.602088025357299982e-12 2.298721419339272416e-12 3.278548128093768307e-12 4.648441290449988868e-12 6.552349076684133988e-12 9.182949923102273313e-12 1.279654104615390633e-11 1.773179893301885710e-11 2.443326278311463577e-11 3.347991660711979621e-11 4.561915258865374633e-11 6.180496317421986108e-11 8.323815370988114297e-11 1.114018777256819476e-10 1.480817305992811587e-10 4.265271251650450089e-10 5.834764259109457119e-10 7.914791609630613874e-10 1.063065443555910575e-09 1.411184189656499326e-09 1.847302862766775987e-09 2.378527303102617189e-09 3.004201429450486122e-09 3.713499545855193071e-09 4.486518421744546168e-09 5.300830477254926539e-09 6.141918589310444404e-09 7.011807724732628450e-09 8.681245059341500848e-09 1.261865208924693690e-08 1.834749964266097905e-08 2.665476661406004664e-08 3.862425432062880811e-08 5.569583797066192783e-08 7.968790667346985637e-08 1.127353004364098368e-07 1.570830161862987123e-07 2.146901792045359702e-07 2.866719588719394953e-07 3.727485079027622986e-07 4.710013007084326547e-07 5.781857026003172812e-07 6.905075403296275603e-07 8.044147412921694904e-07 9.169983872260315271e-07 1.025987821061083544e-06 1.129611527015316416e-06 1.226537655661389941e-06 1.315925922030556908e-06 1.397491952967952819e-06 1.471497092881432491e-06 1.538631417367783095e-06 1.599832834545717291e-06 1.656109054145536705e-06 2.210511802164695059e-06 2.985540348075949080e-06 3.994585390074250475e-06 5.292661599343091003e-06 6.939576630896709468e-06 8.995261613210144285e-06 1.151171989889266199e-05 1.452082835855476054e-05 1.801817418993953063e-05 2.194506595031201529e-05 2.617435636218358799e-05 3.050927062546822448e-05 3.470503675045764457e-05 3.851544406988711733e-05 4.174985674391759350e-05 4.431328610637779358e-05 4.620906961295582560e-05 4.750892817214675970e-05 4.831326649278441983e-05 4.872108945077923873e-05 4.881530433757587818e-05 4.865945365121670602e-05 4.830020745464214392e-05 4.777153124669730885e-05 4.709869998125346363e-05 4.630144646452023007e-05 4.539625179325816986e-05 4.439796043397006099e-05 4.332093659114397442e-05 4.490374644816285646e-05 5.953965011766131798e-05 7.840503788098082856e-05 1.025576207291890244e-04 1.332763705569830635e-04 1.720983020562005046e-04 2.208597869329586368e-04 2.817424952008965922e-04 3.573247107478435105e-04 4.506376649279168604e-04 5.652274118809423988e-04
1.687463777591155001e-13 2.514700715313312738e-13 3.722979428224448908e-13 5.476347779250320068e-13 8.004439801537260295e-13 1.162658281660544756e-12 1.678396732126266520e-12 2.408227345382100060e-12 3.434763628774732773e-12 4.869995612397143989e-12 6.864780598891459739e-12 9.621077886889806097e-12 1.340759193641060811e-11 1.857951040695927778e-11 2.560325918571981406e-11 3.508672123590104015e-11 4.781530643545663257e-11 6.479281742280550630e-11 8.728504719809695503e-11 1.168594831476881511e-10 1.554104272657037548e-10 4.467868165505509815e-10 6.116741795587246068e-10 8.305638181449690305e-10 1.116993201144538043e-09 1.485192533518676623e-09 1.948183741295325859e-09 2.514801724748658041e-09 3.186001887096060763e-09 3.951882522807735407e-09 4.792017807509377091e-09 5.681545776156567642e-09 6.602150392194923213e-09 7.552339884240303060e-09 8.997738604830329418e-09 1.306189618797687993e-08 1.896950729841583389e-08 2.753161125629362416e-08 3.986947745680585549e-08 5.748195023596223183e-08 8.227981272881089043e-08 1.165392133388775010e-07 1.627109362300682434e-07 2.230301073882754796e-07 2.989361667254818309e-07 3.904538956523389831e-07 4.958409907351398052e-07 6.118048816090091021e-07 7.342745879076362882e-07 8.592953544454496041e-07 9.835590760728247006e-07 1.104464300751714066e-06 1.219968185184129788e-06 1.328494298252175823e-06 1.428972446086649137e-06 1.520920241234030720e-06 1.604462727142642520e-06 1.680234444452434210e-06 1.749195433125282496e-06 1.812432155058642281e-06 2.314143115600297985e-06 3.128449681297112152e-06 4.189731212588316076e-06 5.556799316360284990e-06 7.294188761908515438e-06 9.467587214988984858e-06 1.213577876439704793e-05 1.533820392777431296e-05 1.907809998249803554e-05 2.330304509070251070e-05 2.788825690715489007e-05 3.263193894009077767e-05 3.727362288145137404e-05 4.154017367479133713e-05 4.520752271298032440e-05 4.815005287153047538e-05 5.035200333804779646e-05 5.188035552801574394e-05 5.284177256056337845e-05 5.334679338368725286e-05 5.349056079903579449e-05 5.334718932719282843e-05 5.297159028869127698e-05 5.240383017042821623e-05 5.167362499958464328e-05 5.080396931690383009e-05 4.981381247037456684e-05 4.871995171467425793e-05 4.753837553525347914e-05 4.703949167938531781e-05 6.237073820759631633e-05 8.213191212427419896e-05 1.074305676801135082e-04 1.396058028632384321e-04 1.802666885894034586e-04 2.313354130436115681e-04 2.950952355377163311e-04 3.742440301545783008e-04 4.719530490895208047e-04 5.919314660578746607e-04
1.767815794844022524e-13 2.634444974732715119e-13 3.900262834681619358e-13 5.737132346104643881e-13 8.385629851107347654e-13 1.218030457284756369e-12 1.758338935749619535e-12 2.522947479565273641e-12 3.598417451250245601e-12 5.102099419464723739e-12 7.192088810347919216e-12 1.008006772129548958e-11 1.404773869429921110e-11 1.946758691011843320e-11 2.682896751202068994e-11 3.677003955232422691e-11 5.011604365508116317e-11 6.792297153170730243e-11 9.152471609999997695e-11 1.225771581341810828e-10 1.630885889366376635e-10 4.679424326891621121e-10 6.411252776859780589e-10 8.713967669332733676e-10 1.173353711904003993e-09 1.562580326235781464e-09 2.053756426459176221e-09 2.657594868626068412e-09 3.376873545003009817e-09 4.202889139221672721e-09 5.114974415996672080e-09 6.085966384608435188e-09 7.093548761677991740e-09 8.132166422159940041e-09 9.328223563620101367e-09 1.352430429492570380e-08 1.961750515604593684e-08 2.844330584745178182e-08 4.116085033375817787e-08 5.932842831013781588e-08 8.494999516297091061e-08 1.204448218817936740e-07 1.684741386124785670e-07 2.315601673388159720e-07 3.114895315989578929e-07 4.086308495935573150e-07 5.214702689421887771e-07 6.467153816050421823e-07 7.800383111855245707e-07 9.170633247945315374e-07 1.054040940961145705e-06 1.187995859964565344e-06 1.316581598381422510e-06 1.437952528322887471e-06 1.550783180004557899e-06 1.654362256304187825e-06 1.748644340148824099e-06 1.834177872651819104e-06 1.911924499631326159e-06 1.983041428697742378e-06 2.422064687055093544e-06 3.277502243739050802e-06 4.393507690498262999e-06 5.832877874622654429e-06 7.665118695923499106e-06 9.961991394697242361e-06 1.278947550548056042e-05 1.619512304525770873e-05 2.019055048650882247e-05 2.473056703567995144e-05 2.969395873699873150e-05 3.487520730166969343e-05 3.999907034295199115e-05 4.476518184205907928e-05 4.891370621385110820e-05 5.228416594866590393e-05 5.483698473483390582e-05 5.663095438460195169e-05 5.777762957171453704e-05 5.839945557850641906e-05 5.860509269305243761e-05 5.848072412284317881e-05 5.809084274092514801e-05 5.748267878296274243e-05 5.669118298736049687e-05 5.574318997172967010e-05 5.466053901786828493e-05 5.346229373023181223e-05 5.216630790396962927e-05 5.079040979912462694e-05 6.533662056798856990e-05 8.603623228880379352e-05 1.125355284411467361e-04 1.462365946338495661e-04 1.888239862150296357e-04 2.423097885581424631e-04 3.090836772017491944e-04 3.919687916642396143e-04 4.942830379536514900e-04 6.199064166524986732e-04
1.851993833889126669e-13 2.759890947215472577e-13 4.085987724024291131e-13 6.010334366524798320e-13 8.784970552165860142e-13 1.276039220837697072e-12 1.842087647900019995e-12 2.643130100287475075e-12 3.769863776669692351e-12 5.345255032905723513e-12 7.534982074578305763e-12 1.056091277645709932e-11 1.471836673148354680e-11 2.039795042605854943e-11 2.811304045156532883e-11 3.853351460982258367e-11 5.252634352489668011e-11 7.120219981075277318e-11 9.596633595079594696e-11 1.285672769496075368e-10 1.711328328486378468e-10 2.261740511510255232e-10 6.718825575242518277e-10 9.140517934515858210e-10 1.232249549963855744e-09 1.643489408705066263e-09 2.164215899120374207e-09 2.807173371769539771e-09 3.577180960464635191e-09 4.467024408316028756e-09 5.456110927431344771e-09 6.515167432891178096e-09 7.617732168664417915e-09 8.753642703124733090e-09 9.936534699357805575e-09 1.400679013345339772e-08 2.029276803526622069e-08 2.939161943479348686e-08 4.250080633114693076e-08 6.123856762412346966e-08 8.770279342177607711e-08 1.244575605543221641e-07 1.743788416204483862e-07 2.402863590851670093e-07 3.243359974866587985e-07 4.272794220393331061e-07 5.478862930075540689e-07 6.829196083165776483e-07 8.278239108771979671e-07 9.777903889713408033e-07 1.128585552334787213e-06 1.276812233380762072e-06 1.419782948977640265e-06 1.555355536530120261e-06 1.681922960077844240e-06 1.798513029415107295e-06 1.904872855074670894e-06 2.001429454488988653e-06 2.089120099154299542e-06 2.169160145530875014e-06 2.534397724929153253e-06 3.432900494628900874e-06 4.606230399040612575e-06 6.121366123769783958e-06 8.053039143006788996e-06 1.047941426556104282e-05 1.347409701270634675e-05 1.709331795595144110e-05 2.135782599123338028e-05 2.623065714269709120e-05 3.159542899193577717e-05 3.724431844733871392e-05 4.288844624150247643e-05 4.820021431634865697e-05 5.288193807854301717e-05 5.673399313413241408e-05 5.968779012090081470e-05 6.178977499192222708e-05 6.315443674722585378e-05 6.391621112258382765e-05 6.419854233345075587e-05 6.410131423597552607e-05 6.370012240007040213e-05 6.305059248072219949e-05 6.219384007223342152e-05 6.116122103409810812e-05 5.997796129936412441e-05 5.866575875315043956e-05 5.724461334846075506e-05 5.573418601652017229e-05 6.844371420171455544e-05 9.012644620988647434e-05 1.178835491378735293e-04 1.531830940641704477e-04 1.977887123035126796e-04 2.538066617273600028e-04 3.237380912299483017e-04 4.105373520754706552e-04 5.176759540627893759e-04 6.492128011347156726e-04
1.940180073634180983e-13 2.891310124120893707e-13 4.280556043813367797e-13 6.296545106905564734e-13 9.203326161632423176e-13 1.336810115433720342e-12 1.929824118331858691e-12 2.769035307912384230e-12 3.949473650790975122e-12 5.599988692396945477e-12 7.894202484425936178e-12 1.106465370178772131e-11 1.542092742750014849e-11 2.137261445629453900e-11 2.945825700714889190e-11 4.038096293780257131e-11 5.505142243877679921e-11 7.463759919739857887e-11 1.006195193493440904e-10 1.348428034814978205e-10 1.795605685054718128e-10 2.374442866623852597e-10 7.040009541704279703e-10 9.586056332564587329e-10 1.293787428667011123e-09 1.728067419014140187e-09 2.279765223544294476e-09 2.963814998060327913e-09 3.787303503778007882e-09 4.744811772606717117e-09 5.816171013088913614e-09 6.970248358445318309e-09 8.176356970587905413e-09 9.419200485309733119e-09 1.070874059003947173e-08 1.451030530517115461e-08 2.099662377831415515e-08 3.037839556505821951e-08 4.389188468681445800e-08 6.321581721065538632e-08 9.054277652684139091e-08 1.285832173354501673e-07 1.804318138729672901e-07 2.492155085626781784e-07 3.374805987775967072e-07 4.464006995904726181e-07 5.750863553249898752e-07 7.204180950443888806e-07 8.776523493886753864e-07 1.041543012411081039e-06 1.207330908209783125e-06 1.371144176570337819e-06 1.529911173770559146e-06 1.681162346722026012e-06 1.822981594368373670e-06 1.954102988341929302e-06 2.074026657733711791e-06 2.183018145666761642e-06 2.281958434140016787e-06 2.372103007272381359e-06 2.651259973721542362e-06 3.594845706089190313e-06 4.828217866201390560e-06 6.422742281105537653e-06 8.458641369185877391e-06 1.102082709504241278e-05 1.419097814688477110e-05 1.803459085898291965e-05 2.258232476699722547e-05 2.780647294235795270e-05 3.359680534526133947e-05 3.974472303129792370e-05 4.594905795827136435e-05 5.185529839371118591e-05 5.712613444067987661e-05 6.151853456079964038e-05 6.492926246019944914e-05 6.738751254564668246e-05 6.900805674149348957e-05 6.993701918060956583e-05 7.031382504793516587e-05 7.025381474971533272e-05 6.984540158592288789e-05 6.915402871732763792e-05 6.822806440605095214e-05 6.710418722308649419e-05 6.581159480025601570e-05 6.437505133116607631e-05 6.281703061531496233e-05 6.115928402666415532e-05 7.169874145467978880e-05 9.441140374774403344e-05 1.234862016170062830e-04 1.604603322630166796e-04 2.071802656463244416e-04 2.658509112111268817e-04 3.390901895804403297e-04 4.299898938868613736e-04 5.421824200239343554e-04 6.799140382164593982e-04
2.032565367572724679e-13 3.028986924073730827e-13 4.484388880645477586e-13 6.596383987236364745e-13 9.641602088671078960e-13 1.400474662017281805e-12 2.021738227143675728e-12 2.900935587680320359e-12 4.137635787001231618e-12 5.866851694931847382e-12 8.270527468096928237e-12 1.159238069815899477e-11 1.615694127084752581e-11 2.239368837793282091e-11 3.086752850915759114e-11 4.231638280141314909e-11 5.769674519647060789e-11 7.823660461600239450e-11 1.054943367619006022e-10 1.414173192973533079e-10 1.883900353574325064e-10 2.492522424754572451e-10 7.375375752960665230e-10 1.005138076101230421e-09 1.358078347102862377e-09 1.816467997649843620e-09 2.400615838979433252e-09 3.127809070547247773e-09 4.007636043996308235e-09 5.036794215901033153e-09 6.195920874191113844e-09 7.452334090202226088e-09 8.771116660602033023e-09 1.013134492114753141e-08 1.153848404029331189e-08 1.503584075041767109e-08 2.173045526206377781e-08 3.140555498397907710e-08 4.533673397448358129e-08 6.526378392444260167e-08 9.347474782688731780e-08 1.328279389375650099e-07 1.866403821808393555e-07 2.583552887875772683e-07 3.509295266089941443e-07 4.659969729506015630e-07 6.030681926600289496e-07 7.592098441408428353e-07 9.295404257375358903e-07 1.108381924989292045e-06 1.290410464335169681e-06 1.471222325020760756e-06 1.647312046998289482e-06 1.815847382622252191e-06 1.974574003268808388e-06 2.121898685149187234e-06 2.257032982745271414e-06 2.380036358102927255e-06 2.491695277312586840e-06 2.593281067732078133e-06 2.772764806243832381e-06 3.763536843343555689e-06 5.059790362700184337e-06 6.737492788654357479e-06 8.882634304592436245e-06 1.158723187422959929e-05 1.494150201530467543e-05 1.902081519755423995e-05 2.386654579779640844e-05 2.946130898658246610e-05 3.570240401657501499e-05 4.238209196795463630e-05 4.918846944767014018e-05 5.574075809522026430e-05 6.166060104418646969e-05 6.665741177719790636e-05 7.058729925878172982e-05 7.345652406231845295e-05 7.537669031525182463e-05 7.650480914943942525e-05 7.699734450036366913e-05 7.698695235031550890e-05 7.657678284185017543e-05 7.584373167454095397e-05 7.484468892651284630e-05 7.362259776289892027e-05 7.221131642338981312e-05 7.063918298318926884e-05 6.893152788899673770e-05 6.711249167051712926e-05 7.510874452649293385e-05 9.890037589627139012e-05 1.293556084431501626e-04 1.680840557436672899e-04 2.170189683688168844e-04 2.784685998754855797e-04 3.551731937043649083e-04 4.503685123199186748e-04 5.678554678949173946e-04 7.120765650783597188e-04
2.129349656831083993e-13 3.173219308505699707e-13 4.697927371472631313e-13 6.910499921655947734e-13 1.010074685418552092e-12 1.467170644001825470e-12 2.118028895718492737e-12 3.039116399423422419e-12 4.334757407574071315e-12 6.146421587942781223e-12 8.664771471677791929e-12 1.214523587732429684e-11 1.692800114964189019e-11 2.346338200880554409e-11 3.234390491629789149e-11 4.434396285462986927e-11 6.046803683057670859e-11 8.200700506856910406e-11 1.106013383167755314e-10 1.483050530382835054e-10 1.976403422766367320e-10 2.616234737407761226e-10 7.725517781378617104e-10 1.053732073891299508e-09 1.425237741088209237e-09 1.908850998703560227e-09 2.526987858523323951e-09 3.299456910439200424e-09 4.238589637854717824e-09 5.343535386548958514e-09 6.596150871714150423e-09 7.962576524762547206e-09 9.403741512370735557e-09 1.089265152965475922e-08 1.242941001635527976e-08 1.558442825840054932e-08 2.249570248521953765e-08 3.247509845105016906e-08 4.683811575936929143e-08 6.738623693065198801e-08 9.650375011531512647e-08 1.371982363941697644e-07 1.930124391596602966e-07 2.677142385822348579e-07 3.646901880397043110e-07 4.860718960869856314e-07 6.318302982733043219e-07 7.992927154624009581e-07 9.835009465848440920e-07 1.178361742683377226e-06 1.377952163622728444e-06 1.577275946532694479e-06 1.772337096131488790e-06 1.959899871451097272e-06 2.137340244115887380e-06 2.302703459359976238e-06 2.454869261924822525e-06 2.593642179655876080e-06 2.719669384866867378e-06 2.834206691979713174e-06 2.938812283612239556e-06 3.939169342079298672e-06 5.301268531597238538e-06 7.066110962860014307e-06 9.325743413167134172e-06 1.217966063610214664e-05 1.572710000291151710e-05 2.005393672663499942e-05 2.521309132536002525e-05 3.119860154437881119e-05 3.791672768782702267e-05 4.516232889295880549e-05 5.261451840622572416e-05 5.986723174074927217e-05 6.650004111213426267e-05 7.217085861245230442e-05 7.668883706375123469e-05 8.003083703271508982e-05 8.230094253452607562e-05 8.366562333937433175e-05 8.429921258122516576e-05 8.435361111212559505e-05 8.394883484981689856e-05 8.317510300181913958e-05 8.209930414578099005e-05 8.077175136478389756e-05 7.923177436421473285e-05 7.751188166604940999e-05 7.564070804484947729e-05 7.364512989315808236e-05 7.868110066280206954e-05 1.036030747980724029e-04 1.355044690894370758e-04 1.760707604626373464e-04 2.273261098518847485e-04 2.916870311624475149e-04 3.720219063687927848e-04 4.717173062587215319e-04 5.947506540813257865e-04 7.457699811168511409e-04
2.230742402882831434e-13 3.324319426506408569e-13 4.921633658314945724e-13 7.239572722838469599e-13 1.058175414361689136e-12 1.537042405461941090e-12 2.218904517231333705e-12 3.183876795360483017e-12 4.541265124983841411e-12 6.439303419234573945e-12 9.077787721767287022e-12 1.272441573368770468e-11 1.773577579896062109e-11 2.458401038997902576e-11 3.389058141634580458e-11 4.646809120537958734e-11 6.337129499671469824e-11 8.595696049179194453e-11 1.159515766370697468e-10 1.555209112130066968e-10 2.073315089137600444e-10 2.745847546205787494e-10 8.091052488214504820e-10 1.104473851893827117e-09 1.495385638686380276e-09 2.005382707240038921e-09 2.659110375646650975e-09 3.479072283528266405e-09 4.480592222453792510e-09 5.665620728028823916e-09 7.017677230380445564e-09 8.502156278942920569e-09 1.007599867126668196e-08 1.170576327351187822e-08 1.338530070739378069e-08 1.615714202752703152e-08 2.329386473118511761e-08 3.358910967027450445e-08 4.839890843306593558e-08 6.958711246612611761e-08 9.963507113087830119e-08 1.417009910516979411e-07 1.995564507774922386e-07 2.773017792607032113e-07 3.787712584758698400e-07 5.066306337132903601e-07 6.613722314126946669e-07 8.406638544321635312e-07 1.039542994900322395e-06 1.251530693366322331e-06 1.470077488777739920e-06 1.689531598487373588e-06 1.905342342142757939e-06 2.113823062292801080e-06 2.311945395723376590e-06 2.497358020863767547e-06 2.668564430239775219e-06 2.825061559959027919e-06 2.967305883022602023e-06 3.096498535604605977e-06 3.214261415622263631e-06 4.121933788066398530e-06 5.552971852900030093e-06 7.409095421483251928e-06 9.788709298368952766e-06 1.279917448883684059e-05 1.654925151878969961e-05 2.113597431583652704e-05 2.662466916228786495e-05 3.302193310509810660e-05 4.024447327741091028e-05 4.809158265988558770e-05 5.623533414670735307e-05 6.424569176529487354e-05 7.165956701942361460e-05 7.807971475019146932e-05 8.326183356298537462e-05 8.714614985488194389e-05 8.982387918976730476e-05 9.146875423979789540e-05 9.227347220092900883e-05 9.241113054738639800e-05 9.202094900447231282e-05 9.120859979694778414e-05 9.005268288802165426e-05 8.861217626017355530e-05 8.693283488598718125e-05 8.505203906911460018e-05 8.300225197849167710e-05 8.081348888979296126e-05 8.242353807240047165e-05 1.085296747123045178e-04 1.419460873489919981e-04 1.844377274268680592e-04 2.381239927391282313e-04 3.055348080455817729e-04 3.896727868818089307e-04 4.940824737090678117e-04 6.229261792738936820e-04 7.810671982087524518e-04
2.336963040867281129e-13 3.482614290379343507e-13 5.155991888432741465e-13 7.584314573250456699e-13 1.108566495748719166e-12 1.610241163524170038e-12 2.324583407655696035e-12 3.335530067308582312e-12 4.757605865184352544e-12 6.746131046434644213e-12 9.510470072037443355e-12 1.333117373376839940e-11 1.858201341233437551e-11 2.575799879598744865e-11 3.551090534120240057e-11 4.869336491232509052e-11 6.641280295370921760e-11 9.009501941687300300e-11 1.215566307609091746e-10 1.630805104588660543e-10 2.174845090257392951e-10 2.881641362381927317e-10 8.472620840740495877e-10 1.157453023266257459e-09 1.568646820352344464e-09 2.106236062985436881e-09 2.797221778721104795e-09 3.666981854787429243e-09 4.734089312515219425e-09 6.003658614023071221e-09 7.461343801106799273e-09 9.072284697378935823e-09 1.078969272907402109e-08 1.257338787815595738e-08 1.441007104546545707e-08 1.675510027643899178e-08 2.412650280717745800e-08 3.474975833754071615e-08 5.002211122882585988e-08 7.187051887693917330e-08 1.028742494556660477e-07 1.463434610177804725e-07 2.062814640021067116e-07 2.871282296737354975e-07 3.931827278828157184e-07 5.276799964970747301e-07 6.916949195807517007e-07 8.833201514303815860e-07 1.097672294828133066e-06 1.327930463180304402e-06 1.566900564793900598e-06 1.808211706679880112e-06 2.046686859608797420e-06 2.278133237086053063e-06 2.499079275510390527e-06 2.706740932434640235e-06 2.899200181784345986e-06 3.075590462145956226e-06 3.236119623608901868e-06 3.381886527756190899e-06 3.514548066615493163e-06 4.312014507472862675e-06 5.815216941371457163e-06 7.766948273708320507e-06 1.027228601898265371e-05 1.344686232811961427e-05 1.740948341441011398e-05 2.226902043962257247e-05 2.810409472565111446e-05 3.493503664261912500e-05 4.269053952332271205e-05 5.117625979235733755e-05 6.005935601204510254e-05 6.888746657597958625e-05 7.715471590209654266e-05 8.440542288452184978e-05 9.033524846136436548e-05 9.483982434855719372e-05 9.799107227741558348e-05 9.996687430158602888e-05 1.009783210202196515e-04 1.012216147970771920e-04 1.008577166370326346e-04 1.000101608863285106e-04 9.877123890209020182e-05 9.721010784239218793e-05 9.538006898771630819e-05 9.332419899789451390e-05 9.107940343186542902e-05 8.867930559902410944e-05 8.634415258800304965e-05 1.136908339597115814e-04 1.486944000709923628e-04 1.932030600340618688e-04 2.494359811323896875e-04 3.200418949055750667e-04 4.081640299700323464e-04 5.175124115370657385e-04 6.524430144387873519e-04 8.180445986866939460e-04
2.448241454493101205e-13 3.648446483365029293e-13 5.401509262122688361e-13 7.945471566462902522e-13 1.161356986434251380e-12 1.686925335632549392e-12 2.435294278245062118e-12 3.494404424712226231e-12 4.984247834850294379e-12 7.067568508793775557e-12 9.963754937720216089e-12 1.396682302896494667e-11 1.946854542520424057e-11 2.698788798363513397e-11 3.720838341122151015e-11 5.102459993386370601e-11 6.959914316188040945e-11 9.443013747034351589e-11 1.274286312009469969e-10 1.710002113396881839e-10 2.281213158682345940e-10 3.023910073904566449e-10 8.870888753853240325e-10 1.212762706970291498e-09 1.645150983789766309e-09 2.211590890479890740e-09 2.941570073869826676e-09 3.863525651859775043e-09 4.999544703192777923e-09 6.358281486127391326e-09 7.928023867631604643e-09 9.674206089478982908e-09 1.154666680443297879e-08 1.349829552846273834e-08 1.550776370126317237e-08 1.759339227811981723e-08 2.499524136012850548e-08 3.595930330520279101e-08 5.171084841811443181e-08 7.424074193515905880e-08 1.062270808222521393e-07 1.511332881112948022e-07 2.131971146961905570e-07 2.972048199955015162e-07 4.079359413888257945e-07 5.492285637835682928e-07 7.228009496086285778e-07 9.272587236853111497e-07 1.157891668367514907e-06 1.407596177423183253e-06 1.668527339971465219e-06 1.933533087915073467e-06 2.196731156659143267e-06 2.453358493101413328e-06 2.699455959066962361e-06 2.931768966874063789e-06 3.147912164327507027e-06 3.346596979710847853e-06 3.527718506856489349e-06 3.692216844353698192e-06 3.841746052757343777e-06 4.509588080070626401e-06 6.088315679263278620e-06 8.140173061670381697e-06 1.077723908936677262e-05 1.412383919053971950e-05 1.830936902623576449e-05 2.345524130135840941e-05 2.965429273543514666e-05 3.694179958635694145e-05 4.526003432077769600e-05 5.442303681146942431e-05 6.409535216599020571e-05 7.380426421346822927e-05 8.300146922276108294e-05 9.117003024476438497e-05 9.793902445124357296e-05 1.031508709805303338e-04 1.068506336005000101e-04 1.092161560905171452e-04 1.104763338454034608e-04 1.108522514758168703e-04 1.105293265971943963e-04 1.096516623120583577e-04 1.083275212479779077e-04 1.066380065746200034e-04 1.046452821421127585e-04 1.023990903520136515e-04 9.994149901676841559e-05 9.731028633142566660e-05 9.454138968673887961e-05 1.190977179238461467e-04 1.557640072302209197e-04 2.023857231719044343e-04 2.612865510578640045e-04 3.352396822347583042e-04 4.275356482286361793e-04 5.420578202120901728e-04 6.833650325274632674e-04 8.567822003324835093e-04
2.564818473554818634e-13 3.822174901062891707e-13 5.658717130405444257e-13 8.323825321854013029e-13 1.216661136097180883e-12 1.767260882397140766e-12 2.551276730511951270e-12 3.660843704957314509e-12 5.221681534674536921e-12 7.404311464306079819e-12 1.043862332220615639e-11 1.463273929748986238e-11 2.039729047853153382e-11 2.827633969072641523e-11 3.898668932448698663e-11 5.346684155086994004e-11 7.293721152886763890e-11 9.897169675592176074e-11 1.335802861973666280e-10 1.792971537536274751e-10 2.392649497511012865e-10 3.172961581546317973e-10 4.178773693665264004e-10 1.270499649141071367e-09 1.725032913605279857e-09 2.321634135830483018e-09 3.092413216432894810e-09 4.069057538119443972e-09 5.277441179533128726e-09 6.730146993210521636e-09 8.418621984800555672e-09 1.030920016713664282e-08 1.234880413612259588e-08 1.448331707096786952e-08 1.668254373219315776e-08 1.895800297395891938e-08 2.590177126988959419e-08 3.722009586436394837e-08 5.346837368911667326e-08 7.670225043701651236e-08 1.096996248397246764e-07 1.560785053530819339e-07 2.203136358928631169e-07 3.075437046123102204e-07 4.230436349312456067e-07 5.712867939684006875e-07 7.546948442693532867e-07 9.724774106710574172e-07 1.220201576692372970e-06 1.490556526578741427e-06 1.775054875157180786e-06 2.065705444159101404e-06 2.355835380454768999e-06 2.640037277835231386e-06 2.913813069727626533e-06 3.173397308693705534e-06 3.415891096088999951e-06 3.639523416083316992e-06 3.843806771715533246e-06 4.029456861216273161e-06 4.198076898980678162e-06 4.714821791621757025e-06 6.372573189952722993e-06 8.529272444683721826e-06 1.130434313948414140e-05 1.483124420873092235e-05 1.925052679149177976e-05 2.469687653192040582e-05 3.127829851480903709e-05 3.904626743675898223e-05 4.795828175239840732e-05 5.783887235698000566e-05 6.835243860063683319e-05 7.900819755665134910e-05 8.921627620402283645e-05 9.839619515268353453e-05 1.061040696871540364e-04 1.121199277688555713e-04 1.164532358361918208e-04 1.192763806561692927e-04 1.208346811281573775e-04 1.213756382879571389e-04 1.211119825566474127e-04 1.202114027167819105e-04 1.188007463057524275e-04 1.169751188816576756e-04 1.148070904389764037e-04 1.123542084507992263e-04 1.096645474333781414e-04 1.067806786455340875e-04 1.037425170562538481e-04 1.247620231204369572e-04 1.631702034376492929e-04 2.120055841471809037e-04 2.737013433165554695e-04 3.511610545054176568e-04 4.478295587148478358e-04 5.677718133759516702e-04 7.157591466976882333e-04 8.973638294773341297e-04
2.686946395138901896e-13 4.004175528156497741e-13 5.928172144980525469e-13 8.720194676197182274e-13 1.274598634500908926e-12 1.851421666767536207e-12 2.672781774775757780e-12 3.835208117507240795e-12 5.470420820914322816e-12 7.757088695258576975e-12 1.093610294014114680e-11 1.533036372162532226e-11 2.137025857113859271e-11 2.962614239662348245e-11 4.084967170746455633e-11 5.602537528573998324e-11 7.643423233381848292e-11 1.037295261593553735e-10 1.400249092212021659e-10 1.879892940276321054e-10 2.509395278598077241e-10 3.329118465275341609e-10 4.386778032234661342e-10 1.330764347985665494e-09 1.808432655845848288e-09 2.436560110192810408e-09 3.250019451315077114e-09 4.283945695942065071e-09 5.568281233745126012e-09 7.119939132191244637e-09 8.934075837922581701e-09 1.097858465319594235e-08 1.319803018169945265e-08 1.553134283628864045e-08 1.793869308517349473e-08 2.042341407607581410e-08 2.684785212022499026e-08 3.853458314529816901e-08 5.529807470767401815e-08 7.925970208408034234e-08 1.132982121463934202e-07 1.611875450303329821e-07 2.276418665685151584e-07 3.181579744484955753e-07 4.385199666169702434e-07 5.938671229399767070e-07 7.873833219002527985e-07 1.018975274215063987e-06 1.284600736459128781e-06 1.576834044161673308e-06 1.886570770796706828e-06 2.204929861456720652e-06 2.524357360516876696e-06 2.838716660551130780e-06 3.142910804230843823e-06 3.432619565116430713e-06 3.704383782568351791e-06 3.955888321527684571e-06 4.186188255455783455e-06 4.395700080672619949e-06 4.585916998177890089e-06 4.927872046058915692e-06 6.668285663439812058e-06 8.934745621491182953e-06 1.185437921197694793e-05 1.557023812815945549e-05 2.023461838242705132e-05 2.599623839759602624e-05 3.297925882115139776e-05 4.125264695348538285e-05 5.079082874041271388e-05 6.143101901702345861e-05 7.284009820459908923e-05 8.451181079350390075e-05 9.581608094177444736e-05 1.061071991275005187e-04 1.148622432094224897e-04 1.217892341664097826e-04 1.268521207785064159e-04 1.302110320250849263e-04 1.321253407372931709e-04 1.328701151059052423e-04 1.326883389992968151e-04 1.317746190583406435e-04 1.302773691470998911e-04 1.283080838042721346e-04 1.259515466536847625e-04 1.232744487100546123e-04 1.203318621726368970e-04 1.171718969397212736e-04 1.138390215621628410e-04 1.306960024173874134e-04 1.709290109306406727e-04 2.220834555756967500e-04 2.867072188780921149e-04 3.678404611580275924e-04 4.690896734550548054e-04 5.947100326022127350e-04 7.496954548578065687e-04 9.398773021128246528e-04
2.814889529647540992e-13 4.194842252123185540e-13 6.210457462937232933e-13 9.135437455795378267e-13 1.335294870527080256e-12 1.939589830308719679e-12 2.800072373401685472e-12 4.017875023471656789e-12 5.731004017483898102e-12 8.126663685468777768e-12 1.145727044161625910e-11 1.606120610674366643e-11 2.238955540976745363e-11 3.104021735710017070e-11 4.280136244423605029e-11 5.870573834136994761e-11 8.009777386224394611e-11 1.087139226201949050e-10 1.467764477875043066e-10 1.970954437788178528e-10 2.631703164506407945e-10 3.492718682411718410e-10 4.604705628196670357e-10 1.393661182290330154e-09 1.895495697507116889e-09 2.556570740103102667e-09 3.414667662459398704e-09 4.508573120775327261e-09 5.872587791459566976e-09 7.528369390617874242e-09 9.475358114596303830e-09 1.168371803059884357e-08 1.409631520074344067e-08 1.664532217813954006e-08 1.928060517547707826e-08 2.199587502532868105e-08 2.783531474805088224e-08 3.990531163637422756e-08 5.720347786094902620e-08 8.191794964848579697e-08 1.170294519952381202e-07 1.664692473623063549e-07 2.351932610154786810e-07 3.290616690374477790e-07 4.543805444715665196e-07 6.169840512452565245e-07 8.208755372392028845e-07 1.066753095036057872e-06 1.351086799421107240e-06 1.666445538614754977e-06 2.003152759994678403e-06 2.351397351743681664e-06 2.702650509722927285e-06 3.049950329372059797e-06 3.387530660055675911e-06 3.710467546227251419e-06 4.014694004622604505e-06 4.297288477574794807e-06 4.556769624688864863e-06 4.793171029179961420e-06 5.007804779283569069e-06 5.202831197277063587e-06 6.975738050335228259e-06 9.357085490967512629e-06 1.242813167657728238e-05 1.634200034555576486e-05 2.126334630134024076e-05 2.735571044604630695e-05 3.476043212834642438e-05 4.356530883431894511e-05 5.376345123991668886e-05 6.520703477505746838e-05 7.756819973818175054e-05 9.032810687214028092e-05 1.028183529234780842e-04 1.143269648831439267e-04 1.242463447325136967e-04 1.322026015327823446e-04 1.381030948901844845e-04 1.420873758892786029e-04 1.444252999500768211e-04 1.454200987525945080e-04 1.453479544043638245e-04 1.444340327541675489e-04 1.428516958575087317e-04 1.407315881949543093e-04 1.381728198923608362e-04 1.352527969079467892e-04 1.320347523366812109e-04 1.285732065769174003e-04 1.249178510630207808e-04 1.369124914345824741e-04 1.790572141311057677e-04 2.326411402929773602e-04 3.003323168502720366e-04 3.853139910603371786e-04 4.913619942861234329e-04 6.229307677061129284e-04 7.852473912815803635e-04 9.844146139998213342e-04
2.948924772821700383e-13 4.394587715689058890e-13 6.506184008828732269e-13 9.570452332996902673e-13 1.398881203543376060e-12 2.031956187393551769e-12 2.933424009906374916e-12 4.209239752294937285e-12 6.003995081000195546e-12 8.513836272623553994e-12 1.200325374226402750e-11 1.682684814884233456e-11 2.345738696627019466e-11 3.252162492655110716e-11 4.484598540234098718e-11 6.151373158482259121e-11 8.393576478537376104e-11 1.139356734165315661e-10 1.538495136407053456e-10 2.066353106268506679e-10 2.759837855326642161e-10 3.664116299060219962e-10 4.833028126884216550e-10 1.459298543622676190e-09 1.986373151104118415e-09 2.681875824778459277e-09 3.586647731668081501e-09 4.743338126551114715e-09 6.190904948151151366e-09 7.956177891927538482e-09 1.004347838235454476e-08 1.242600240323962541e-08 1.504567729061101621e-08 1.782826380313171633e-08 2.071277977335680781e-08 2.368185490901165133e-08 2.886606387134256332e-08 4.133493082177745232e-08 5.918825318393935037e-08 8.468204742276114717e-08 1.209002402765909602e-07 1.719328697901747056e-07 2.429798989034649522e-07 3.402697886176726123e-07 4.706424512377876997e-07 6.406542208118764390e-07 8.551833023807278357e-07 1.115813858218123745e-06 1.419657082175524389e-06 1.759402676815906191e-06 2.124868493026646102e-06 2.505287479753861410e-06 2.891061610957666480e-06 3.274296308974171625e-06 3.648473830784360585e-06 4.008010769606673788e-06 4.348183241743324582e-06 4.665400813308682236e-06 4.957563578933909298e-06 5.224230127207597200e-06 5.466447869095672989e-06 5.686333741105929499e-06 7.295201647236959786e-06 9.796775557949739197e-06 1.302638474646210037e-05 1.714772543017691075e-05 2.233845087626506348e-05 2.877774551327192724e-05 3.662518827197873888e-05 4.598878979167938391e-05 5.688215988043333692e-05 6.917479397439600739e-05 8.254701656246508446e-05 9.647057564280229482e-05 1.102411206034710343e-04 1.230800803846917625e-04 1.342901101245766839e-04 1.434053820646140093e-04 1.502645127751269080e-04 1.549765208206081593e-04 1.578167444491929052e-04 1.591164172679583036e-04 1.591877596121442687e-04 1.582904259542037163e-04 1.566265381865626855e-04 1.543490732194232500e-04 1.515739326097100058e-04 1.483910805648566483e-04 1.448732765249737973e-04 1.410824717580970531e-04 1.370743593679948848e-04 1.434249361992015373e-04 1.875723958240126175e-04 2.437014783943454357e-04 3.146061152421876896e-04 4.036194503834468180e-04 5.146947123481577851e-04 6.524950826568556503e-04 8.224918852902786490e-04 1.031072139259613021e-03
3.089342205001478103e-13 4.603844209874245310e-13 6.815991796840669023e-13 1.002618077111048856e-12 1.465495247692690198e-12 2.128720638165027974e-12 3.073125285161910141e-12 4.409716457331866705e-12 6.289984821303030334e-12 8.919444379295345266e-12 1.257523446430401637e-11 1.762894685766522033e-11 2.457606425179388840e-11 3.407357118123948400e-11 4.698796557411020250e-11 6.445543210161839112e-11 8.795651131946167113e-11 1.194060795109290654e-10 1.612594143775114329e-10 2.166295408454518160e-10 2.894076661547843326e-10 3.843682256402934117e-10 5.072239669801671072e-10 1.527788972322908156e-09 2.081221944401130185e-09 2.812693300500700232e-09 3.766260906973202933e-09 4.988654862931115196e-09 6.523798716858398058e-09 8.404134544635470078e-09 1.063948496730551185e-08 1.320688644158079007e-08 1.604818583358477580e-08 1.908323694071953792e-08 2.223981843097925825e-08 2.548803370329783889e-08 2.994208079609726624e-08 4.282619693825732902e-08 6.125621946879921537e-08 8.755725795433183879e-08 1.249177679811344449e-07 1.775880969094233486e-07 2.510144961061506185e-07 3.517983065055758704e-07 4.873242668585781276e-07 6.648964821882912171e-07 8.903212874014675750e-07 1.166163221112745001e-06 1.490309331971192113e-06 1.855712712080634178e-06 2.251775534659842646e-06 2.666767120084552713e-06 3.089928525982012602e-06 3.512314401617436898e-06 3.926559238082424318e-06 4.326355641003313712e-06 4.706271186858415828e-06 5.061984230487451110e-06 5.390692025125542233e-06 5.691378535694751676e-06 5.964730238113037009e-06 6.212747230360728727e-06 7.626931603112333677e-06 1.025428659826643940e-05 1.364991858694526573e-05 1.798861909162799693e-05 2.346170659576842879e-05 3.026486300905859147e-05 3.857700736005496877e-05 4.852779392160445465e-05 6.015320494952370645e-05 7.334249768968505395e-05 8.778724496762293312e-05 1.029532224023187176e-04 1.181030076305131688e-04 1.323918289478410472e-04 1.450282137513937632e-04 1.554444382526552738e-04 1.633972496906196015e-04 1.689534607183716089e-04 1.723872310353490023e-04 1.740566399953337624e-04 1.743125387872825917e-04 1.734532471581289590e-04 1.717139116113055545e-04 1.692734948459713863e-04 1.662675588967894977e-04 1.628007861615122999e-04 1.589570650893699184e-04 1.548069727801269400e-04 1.504131113312390526e-04 1.502474220850099555e-04 1.964929750536970868e-04 2.552883964867820447e-04 3.295594945600942055e-04 4.227964442720046783e-04 5.391383120456261962e-04 6.834669475549705548e-04 8.615095274681105249e-04 1.079950838920331951e-03
3.236445718920759341e-13 4.823064609561256178e-13 7.140551315916019704e-13 1.050360906192924434e-12 1.535281169718976823e-12 2.230092601162082262e-12 3.219478541988592493e-12 4.619739012162299575e-12 6.589592180091404550e-12 9.344365826382240725e-12 1.317445049382096906e-11 1.846923814281903176e-11 2.574800831829305612e-11 3.569941485791794087e-11 4.923193865327672774e-11 6.753720634782221911e-11 9.216871520217905055e-11 1.251369800080784092e-10 1.690221865757664681e-10 2.270997640453386894e-10 3.034710104219207273e-10 4.031805173510618159e-10 5.322857964125903041e-10 1.599249297387759922e-09 2.180205015404754451e-09 2.949249512199729689e-09 3.953820180743022716e-09 5.244953844829533206e-09 6.871857788281563469e-09 8.873040196969515320e-09 1.126446683060847429e-08 1.402786838880327266e-08 1.710596530785958726e-08 2.041337337666477712e-08 2.386642067286448579e-08 2.742129281143499627e-08 3.109968254264302034e-08 4.438197685105657769e-08 6.341134955676840793e-08 9.054905906435801464e-08 1.290895301050156103e-07 1.834450510592554725e-07 2.593104163577085095e-07 3.636641819690491960e-07 5.044460892449613937e-07 6.897319533467556083e-07 9.263072007730418616e-07 1.217809958278988225e-06 1.563042514213946718e-06 1.955379345137560993e-06 2.383921590332059281e-06 2.835989390800354956e-06 3.299577871703878042e-06 3.764563363459257987e-06 4.222621172855079931e-06 4.666644259853626319e-06 5.090436001258385752e-06 5.488881305788929374e-06 5.858389216792863019e-06 6.197262985253323655e-06 6.505719326594763919e-06 6.785552191602608663e-06 7.971164383250405055e-06 1.073007310555044450e-05 1.429950501431239828e-05 1.886589356215352664e-05 2.463491772110827584e-05 3.181964539355514884e-05 4.061947784267447829e-05 5.118719324740707966e-05 6.358308059728430333e-05 7.771868338101305010e-05 9.330002194077789376e-05 1.097905965544902453e-04 1.264232712799685874e-04 1.422882251936970406e-04 1.564962786550368710e-04 1.683681150506492492e-04 1.775646647385758256e-04 1.840970976789124670e-04 1.882298407990505985e-04 1.903453993908335237e-04 1.908354197740852411e-04 1.900412448322899182e-04 1.882357775368637815e-04 1.856281408715464620e-04 1.823768880081094994e-04 1.786039471987607480e-04 1.744062164114394383e-04 1.698642987188081108e-04 1.650487635111081472e-04 1.600246839314430666e-04 2.058382467965982302e-04 2.674269592668562399e-04 3.452248044159688810e-04 4.428864623026263305e-04 5.647456801556854228e-04 7.159133767796477255e-04 9.023847438772783502e-04 1.131156478941670093e-03
3.390553677394723344e-13 5.052723353611064857e-13 7.480564980833557205e-13 1.100377046027258834e-12 1.608390000974269295e-12 2.336291466545151464e-12 3.372800519488108875e-12 4.839761949584438156e-12 6.903465570442962381e-12 9.789520232896176666e-12 1.380219865980946978e-11 1.934954057064512378e-11 2.697575549819305544e-11 3.740267462283824430e-11 5.158276106758766970e-11 7.076572392838765776e-11 9.658149252499754967e-11 1.311407777771019884e-10 1.771546305009777512e-10 2.380686399853000975e-10 3.182042543701642390e-10 4.228892188410426868e-10 5.585425403198492979e-10 7.326647028640539138e-10 2.283491512733402045e-09 3.091779492354949963e-09 4.149650677696593747e-09 5.512682494609831398e-09 7.235694304267692360e-09 9.363727798633852911e-09 1.191955544107408585e-08 1.489049910642661096e-08 1.822119941095040774e-08 2.182187034770690909e-08 2.559738115378508162e-08 2.948870522773324725e-08 3.350500140997903250e-08 4.600525204910256111e-08 6.565777581234867765e-08 9.366315115015472319e-08 1.334233349977007429e-07 1.895143035798707348e-07 2.678816837934703467e-07 3.758853737992811575e-07 5.220295538881867739e-07 7.151840711373179901e-07 9.631619501634942826e-07 1.270766379254680450e-06 1.637857607595523750e-06 2.058403702652205779e-06 2.521344970921057459e-06 3.013092809439744423e-06 3.520322717261915844e-06 4.031597838742629005e-06 4.537506524052105783e-06 5.030052797047821893e-06 5.502214250732414400e-06 5.948019828622564119e-06 6.363004844860025688e-06 6.744680594475375747e-06 7.092673152994048110e-06 7.408464225042012431e-06 8.328115234247319149e-06 1.122456955193811974e-05 1.497590279175047851e-05 1.978076236740265655e-05 2.585991311540660438e-05 3.344473375375839612e-05 4.275629362521079021e-05 5.397202730689550510e-05 6.717852812421565094e-05 8.231223369047976229e-05 9.909694220500332327e-05 1.169978201021500673e-04 1.352218426143592393e-04 1.527960565100947997e-04 1.687308952920551109e-04 1.822262169670268235e-04 1.928325568736556812e-04 2.004902450667858205e-04 2.054433096589196317e-04 2.080947000924987880e-04 2.088783699779692832e-04 2.081831270268749625e-04 2.063248298911085773e-04 2.035475068212870542e-04 2.000365571199436100e-04 1.959341082831831586e-04 1.913522732118687038e-04 1.863833220612213409e-04 1.811070271832131856e-04 1.755959641357916182e-04 2.156284235033725241e-04 2.801434235468955314e-04 3.616359333188517988e-04 4.639329680307417909e-04 5.915722199560758754e-04 7.499045737203900112e-04 9.452059784074505044e-04 1.184799858943035239e-03
3.551999602323639382e-13 5.293317471648141437e-13 7.836768652380502783e-13 1.152774742016605117e-12 1.684979964282151879e-12 2.447547070902430311e-12 3.533423038533275247e-12 5.070261445318975901e-12 7.232284280115647608e-12 1.025587100621107927e-11 1.445983754078346406e-11 2.027175929997790447e-11 2.826196289354457277e-11 3.918703668688182134e-11 5.404552048913083302e-11 7.414797203157854026e-11 1.012043934623204657e-10 1.374304662939619289e-10 1.856743464656210574e-10 2.495599076127170752e-10 3.336392838370102879e-10 4.435369839230620875e-10 5.860510240435451960e-10 7.691618164366155228e-10 2.391257001488083185e-09 3.240527247339493220e-09 4.354090052990120831e-09 5.792305697310237469e-09 7.615944645613163323e-09 9.877063571475139922e-09 1.260592664341050831e-08 1.579638514172523669e-08 1.939613544271584564e-08 2.331199427113592004e-08 2.743758795984548491e-08 3.169752569293074213e-08 3.608613689588906651e-08 4.769912275946422776e-08 6.799979577921653573e-08 9.690546477007250861e-08 1.379273141521398119e-07 1.958068867452584291e-07 2.767429964192573180e-07 3.884808547529543968e-07 5.400978528305331317e-07 7.412786364908619521e-07 1.000909784622462852e-06 1.325048716137644466e-06 1.714758393578811101e-06 2.164785414679694638e-06 2.664075298809096889e-06 3.198200714737583142e-06 3.752460362659270799e-06 4.313965086332071106e-06 4.872071581646178190e-06 5.417789392618008461e-06 5.943200457050258254e-06 6.441414122211380510e-06 6.907007058090976509e-06 7.336583681723060120e-06 7.729047412288603253e-06 8.085444260092549949e-06 8.697975699983035553e-06 1.173818650508769351e-05 1.567985254027935295e-05 2.073443446797530067e-05 2.713854023286810767e-05 3.514282238616795026e-05 4.499125010111482294e-05 5.688750163831126575e-05 7.094653819719067933e-05 8.713238422190980033e-05 1.051900743489114141e-04 1.245906156871489940e-04 1.445193678779581206e-04 1.639429295329343853e-04 1.817696492814644771e-04 1.970699922134276779e-04 2.092691163126484148e-04 2.182196112459676516e-04 2.241321334799168590e-04 2.274242104918906512e-04 2.285726932221683009e-04 2.280182442563535037e-04 2.261253258158150091e-04 2.231782327619384230e-04 2.193936572853012106e-04 2.149373706323724818e-04 2.099392852471274561e-04 2.045052622585408469e-04 1.987257210249964280e-04 1.926818445905326236e-04 2.258846786063683717e-04 2.934652948101810653e-04 3.788283817156318668e-04 4.859814927623463021e-04 6.196759708545739043e-04 7.855140824551381639e-04 9.900658838972969771e-04 1.240997051496226964e-03
3.721132896504155882e-13 5.545367659736743278e-13 8.209933229909506746e-13 1.207667393749864647e-12 1.765216816365112688e-12 2.564100194664408444e-12 3.701693719897942188e-12 5.311736348553171096e-12 7.576759941668792058e-12 1.074442742707829999e-11 1.514879040502487700e-11 2.123789020530781059e-11 2.960941412654929506e-11 4.105636278329265663e-11 5.662554684512338475e-11 7.769127055070897489e-11 1.060474229400620568e-10 1.440196577620675782e-10 1.945997729199156013e-10 2.615984364396714228e-10 3.498095034692349358e-10 4.651684987329555450e-10 6.148707819196239110e-10 8.074002143539750950e-10 2.503683674763075739e-09 3.395746051341056193e-09 4.567488900533366032e-09 6.084306369214638138e-09 8.013270235029597237e-09 1.041394819084510728e-08 1.332480252264051250e-08 1.674719180268733703e-08 2.063308889599143684e-08 2.488708526181873474e-08 2.939202219280331348e-08 3.405518122834774535e-08 3.885371598665315015e-08 4.946681218099259244e-08 7.044187801720466576e-08 1.002821685093584303e-07 1.426099324358278553e-07 2.023343063762178515e-07 2.859097405451220892e-07 4.014706270132239370e-07 5.586757534621188058e-07 7.680438544517045041e-07 1.039578419450731355e-06 1.380677479093279199e-06 1.793752228210146982e-06 2.274523770089918085e-06 2.812134450570914995e-06 3.391420992706503156e-06 3.996270265560603030e-06 4.612201545864390836e-06 5.227178410638050373e-06 5.831091523332278972e-06 6.415046192918100968e-06 6.971166084342784555e-06 7.492985380175765259e-06 7.976084570220844675e-06 8.418502575859028285e-06 8.820708808821393969e-06 9.185105620942172539e-06 1.227130665478247753e-05 1.641207129531520352e-05 2.172810776480899796e-05 2.847265821688895366e-05 3.691665229114503825e-05 4.732823897290247951e-05 5.993898500640507565e-05 7.489435181941692034e-05 9.218873012369848514e-05 1.115919758495881304e-04 1.325853338916989355e-04 1.543372506218507699e-04 1.757573210415078766e-04 1.956511583248602760e-04 2.129521258744963494e-04 2.269448743020910397e-04 2.373757651784463038e-04 2.444066454605312868e-04 2.484615318707460727e-04 2.500595223495051338e-04 2.496972920830665597e-04 2.477939594695372449e-04 2.446801026779945741e-04 2.406088164499223291e-04 2.357735245371322291e-04 2.303249651124301988e-04 2.243848456629054231e-04 2.180559213733360374e-04 2.114292686239859138e-04 2.366291920458843227e-04 3.074213864376902205e-04 3.968393385086445768e-04 5.090797337159869021e-04 6.491177335679424463e-04 8.228189464117949704e-04 1.037061522132369388e-03 1.299869653010424751e-03
3.898319599810088404e-13 5.809419407276155879e-13 8.600866319726197098e-13 1.265173800422732028e-12 1.849274206576781235e-12 2.686203083203124853e-12 3.877976736581120415e-12 5.564709261554879510e-12 7.937638072584913513e-12 1.125624683392143776e-11 1.587054829083408503e-11 2.225002419627145607e-11 3.102102536390098879e-11 4.301469852527636156e-11 5.932842385298989275e-11 8.140328792592451185e-11 1.111210622884016184e-10 1.509226125719338619e-10 2.039502263564983444e-10 2.742102803658194715e-10 3.667499090177516248e-10 4.878305784406824048e-10 6.450641861274449765e-10 8.474626533419628114e-10 2.620960570951189328e-09 3.557698748005403510e-09 4.790211171693685583e-09 6.389186040052473937e-09 8.428358356033270441e-09 1.097531797942088072e-08 1.407745326600081036e-08 1.774464622955966063e-08 2.193444820545635828e-08 2.655056237180164796e-08 3.146575893669099523e-08 3.656926244221252123e-08 4.181870920191533214e-08 5.131167083696964379e-08 7.298866811952272082e-08 1.037996771251692840e-07 1.474799987604445679e-07 2.091085551356632820e-07 2.953980062112731296e-07 4.148757387957678312e-07 5.777896175634335329e-07 7.955103700812505501e-07 1.079199145276756102e-06 1.437677778952595996e-06 1.874850785793790281e-06 2.387618927614537187e-06 2.965537724288955410e-06 3.592846138984998952e-06 4.252012186739553001e-06 4.926829304033039780e-06 5.603690805602546861e-06 6.271222794878670984e-06 6.919458643882122554e-06 7.539465872702694570e-06 8.123653477516971677e-06 8.666460378832864631e-06 9.164911006713059041e-06 9.618740220192529438e-06 1.002998033160786686e-05 1.282428081331942030e-05 1.717324675386240219e-05 2.276296197487811897e-05 2.986413006454490633e-05 3.876900348616873858e-05 4.977124172378156352e-05 6.313200519643124848e-05 7.902945986039754220e-05 9.749123127081013899e-05 1.183157067708902885e-04 1.409989795073313720e-04 1.646976940517661989e-04 1.882686325710958264e-04 2.104151181736142425e-04 2.299267437976756933e-04 2.459326544557890711e-04 2.580530858764495646e-04 2.663830641172730421e-04 2.713424401329918930e-04 2.734903016778434445e-04 2.733830289417565787e-04 2.715007771688892333e-04 2.682271075373545148e-04 2.638573631907423374e-04 2.586172744151692929e-04 2.526819441761303888e-04 2.461915698067213801e-04 2.392632185694169085e-04 2.319993581757949985e-04 2.478851979634871176e-04 3.220418817148216128e-04 4.157077611622800382e-04 5.332776568789346795e-04 6.799612013687158412e-04 8.618998747773368944e-04 1.086294573569454537e-03 1.361545046296583133e-03
4.083943181379426485e-13 6.086044177554116205e-13 9.010413982918487767e-13 1.325418417944054379e-12 1.937334052715528232e-12 2.814119992744019053e-12 4.062653601953663604e-12 5.829727670693418548e-12 8.315699688725805351e-12 1.179243691113828100e-11 1.662667323344930071e-11 2.331035174281832677e-11 3.249985162798146753e-11 4.506628216155506705e-11 6.216000110469726054e-11 8.529205774031400976e-11 1.164362919255790958e-10 1.581542701636573877e-10 2.137459431153710442e-10 2.874227340645297709e-10 3.844971630759332810e-10 5.115722685690029785e-10 6.766965816799950514e-10 8.894358376250138721e-10 2.743283797017279390e-09 3.726658059965177427e-09 5.022634604550147537e-09 6.707465449085884770e-09 8.861922988435914600e-09 1.156214611517156594e-08 1.486519902422124628e-08 1.879054045507902386e-08 2.330267960941268412e-08 2.830592947444726708e-08 3.366396966187586247e-08 3.924751599052526782e-08 4.499241396755233477e-08 5.323718104649167672e-08 7.564499490922892698e-08 1.074646599685816163e-07 1.525466771869248081e-07 2.161421265058787657e-07 3.052246036267694914e-07 4.287183022057918673e-07 5.974674209663283005e-07 8.237113012190905410e-07 1.119806923008884821e-06 1.496079616994085620e-06 1.958070765744148599e-06 2.504073159733735964e-06 3.124295212631890695e-06 3.802553680767197050e-06 4.519924626025704793e-06 5.258352534645063341e-06 6.002469850229292057e-06 6.739469120764392410e-06 7.458198557798878880e-06 8.148592148472830839e-06 8.801851717199590225e-06 9.411157780400791791e-06 9.972364103346311462e-06 1.048429694665472288e-05 1.094846054217825691e-05 1.339742396441400678e-05 1.796403127308112937e-05 2.384015089986170346e-05 3.131481382691027283e-05 4.070268604970693672e-05 5.232432159816972125e-05 6.647224319103329344e-05 8.335960093142788193e-05 1.030502158164714623e-04 1.253748418944613001e-04 1.498492364655310970e-04 1.756237430889888017e-04 2.015072479732542830e-04 2.261023572414969074e-04 2.480494285598426390e-04 2.663075290039085188e-04 2.803496984765432008e-04 2.901835109956283623e-04 2.962110953067559772e-04 2.990272528293909902e-04 2.992510037792805977e-04 2.974301311657915020e-04 2.940085725347296492e-04 2.893305745757144502e-04 2.836595621423596415e-04 2.771991359912392657e-04 2.701110804652588214e-04 2.625290885071573390e-04 2.545687661782035567e-04 2.596770345985719873e-04 3.373583987600085789e-04 4.354744595878123990e-04 5.586276046993480116e-04 7.122730973779259562e-04 9.028414165669383174e-04 1.137871556739352254e-03 1.426156675692306182e-03
4.278405369521807368e-13 6.375840644512951523e-13 9.439462566409861131e-13 1.388531628284469327e-12 2.029586934732658665e-12 2.948127762271717741e-12 4.256123995433072962e-12 6.107365131314640725e-12 8.711762994614343096e-12 1.235415808636169411e-11 1.741880164561777584e-11 2.442116761584627321e-11 3.404909340856842935e-11 4.721555374882469271e-11 6.512640672649606428e-11 8.936599610626494606e-11 1.220046151218188116e-10 1.657302813589929284e-10 2.240081231795819121e-10 3.012643920543022916e-10 4.030896744252957456e-10 5.364449511389830218e-10 7.098364278474284303e-10 9.334106065864241495e-10 2.870856757934562055e-09 3.902906906436139693e-09 5.265151163869739873e-09 7.039685155322558400e-09 9.314705661035779522e-09 1.217544385505544488e-08 1.568941177448494364e-08 1.988673444822353059e-08 2.474033208420135339e-08 3.015678170635784407e-08 3.599192607737398996e-08 4.209783854681097206e-08 4.838643719956836494e-08 5.524696151419960503e-08 7.841587681378497745e-08 1.112840496811066026e-07 1.578194984620162901e-07 2.234480294451795558e-07 3.154070806350228097e-07 4.430215124331110654e-07 6.177387741606544868e-07 8.526822690213064336e-07 1.161440466411276688e-06 1.555918142795494336e-06 2.043434555819316210e-06 2.623892107106122897e-06 3.288413356794024243e-06 4.020606971532273041e-06 4.800223619030291200e-06 5.607253998365513217e-06 6.424369123332175586e-06 7.237134260554100051e-06 8.033077501906524967e-06 8.800911781360828571e-06 9.530549438800243309e-06 1.021379769592610871e-05 1.084517948166994752e-05 1.142242384204370350e-05 1.194632495167547898e-05 1.399101144485871604e-05 1.878503569768863771e-05 2.496079412940003771e-05 3.282655283028770605e-05 4.272052981557931186e-05 5.499161394783827668e-05 6.996552553340986541e-05 8.789275737145056677e-05 1.088763818563827558e-04 1.327834810115670089e-04 1.591544911056616725e-04 1.871393256323508755e-04 2.155045931058330712e-04 2.427548992117476248e-04 2.673772484648306988e-04 2.881467832742711020e-04 3.043674004286632041e-04 3.159359981953251606e-04 3.232202143459149174e-04 3.268438169554533203e-04 3.274902870800917918e-04 3.257816683037907017e-04 3.222303482076082650e-04 3.172370110992483094e-04 3.111089942913228224e-04 3.040832147889431102e-04 2.963466704662936070e-04 2.880523891939128418e-04 2.793311547371758849e-04 2.720301965386717129e-04 3.534040584876689517e-04 4.561821839764620122e-04 5.851844088098653949e-04 7.461233184631419369e-04 9.457321430579149245e-04 1.191904058255557203e-03 1.493844335297309697e-03
4.482127021142774920e-13 6.679435988405477789e-13 9.888940621199880188e-13 1.454650021650311188e-12 2.126232507187363606e-12 3.088516412667607673e-12 4.458806627473509271e-12 6.398222509034922249e-12 9.126685154200530775e-12 1.294262604186822478e-11 1.824864785913596568e-11 2.558487585356660485e-11 3.567210358936612541e-11 4.946716476096829026e-11 6.823406064147001955e-11 9.363391987969448188e-11 1.278380828948170896e-10 1.736670422330127895e-10 2.347589760564382253e-10 3.157652105833287499e-10 4.225676811602872011e-10 5.625024558720859198e-10 7.445554463201036783e-10 9.794821313761363268e-10 3.003890392502562084e-09 4.086738729087289141e-09 5.518167491993810473e-09 7.386406162082587035e-09 9.787476322038321448e-09 1.281626177591062566e-08 1.655151718762133134e-08 2.103515913868393400e-08 2.625004231662476733e-08 3.210681237599377998e-08 3.845500539995866179e-08 4.512827259133680812e-08 5.201267770089687102e-08 5.910399330156598250e-08 8.130652841634968468e-08 1.152650511628961683e-07 1.633083719816483116e-07 2.310398037194504191e-07 3.259637412142757841e-07 4.578096683553211708e-07 6.386349441303462304e-07 8.824614271217694204e-07 1.204142314074406773e-06 1.617233881690432576e-06 2.130970846836423782e-06 2.747086022550118081e-06 3.457896651497601564e-06 4.247056360676476562e-06 5.093101960159395409e-06 5.973991698693697173e-06 6.870229611533500991e-06 7.765534703891489274e-06 8.645954349728933889e-06 9.498878909961494475e-06 1.031284684706555608e-05 1.107817987632477735e-05 1.178790819674411836e-05 1.243846251496013193e-05 1.302972121992537158e-05 1.460527535100266117e-05 1.963682311075259465e-05 2.612596824215193317e-05 3.440116492310977392e-05 4.482537265004923123e-05 5.777731480232086120e-05 7.361781467063826493e-05 9.263714908770207782e-05 1.149807969190102202e-04 1.405562570713017872e-04 1.689338534313083063e-04 1.992692925032694008e-04 2.302931967995006991e-04 2.604160327650825528e-04 2.879688000836738921e-04 3.115298915513411136e-04 3.302115819276975036e-04 3.437743868673899354e-04 3.525312033471825202e-04 3.571250660387477872e-04 3.583041978243582302e-04 3.567713486139974547e-04 3.531160641589526717e-04 3.478039411122184734e-04 3.411933787709968782e-04 3.335602168571500737e-04 3.251209096561792980e-04 3.160509927641221690e-04 3.064988101801580339e-04 2.965953493360223240e-04 3.702135557625301139e-04 4.778757167555607206e-04 6.130055081262781582e-04 7.815850858381293616e-04 9.906648388230505572e-04 1.248508973489745799e-03 1.564754470637638251e-03
4.695549032566253741e-13 6.997487253144392936e-13 1.035982091194298867e-12 1.523916692093424353e-12 2.227479931341001052e-12 3.235589774375769262e-12 4.671140145742894694e-12 6.702929280140176643e-12 9.561364145943804692e-12 1.355911434556911219e-11 1.911800783502248583e-11 2.680399496434622432e-11 3.737239470434777635e-11 5.182598815581952855e-11 7.148968846359399888e-11 9.810506574157205797e-11 1.339493200906683609e-10 1.819817295986478356e-10 2.460217688435354533e-10 3.309565724611106680e-10 4.429733377720696302e-10 5.898011766895113682e-10 7.809287764317982861e-10 1.027750120891757786e-09 1.343540625606900231e-09 4.278457826419060868e-09 5.782105370844247266e-09 7.748210556144790006e-09 1.028103422767428745e-08 1.348569103386825329e-08 1.745299650220100987e-08 2.223781942123043978e-08 2.783453968561653810e-08 3.415982024754361696e-08 4.105869697048438583e-08 4.834700427317285434e-08 5.588330901433753554e-08 6.363671417356161444e-08 8.432236718226364975e-08 1.194151508094859908e-07 1.690235981757181657e-07 2.389315359021721905e-07 3.369136650158628866e-07 4.731081946034486048e-07 6.601888776617609413e-07 9.130894901840463713e-07 1.247958892527297402e-06 1.680072933869877618e-06 2.220715195790961414e-06 2.873670985568339840e-06 3.632749467731902899e-06 4.481940728596395644e-06 5.398728909365783789e-06 6.358995798843830973e-06 7.340874408705843365e-06 8.325993904047252056e-06 9.298730925542372837e-06 1.024503324387690076e-05 1.115197641559618055e-05 1.200828730425716130e-05 1.280534199410853256e-05 1.353806176373927630e-05 1.420518065592323519e-05 1.524040126754911395e-05 2.051990261917648875e-05 2.733669759171427979e-05 3.604043077718594985e-05 4.702004726116442416e-05 6.068566752848019721e-05 7.743519706432891870e-05 9.760122497615356780e-05 1.213748949653155681e-04 1.487083418439832418e-04 1.792071759748854005e-04 2.120394555447165260e-04 2.459067522271212499e-04 2.791303873711954426e-04 3.098842643909846539e-04 3.365385071351587325e-04 3.579911452034223603e-04 3.738383189968361967e-04 3.843142461376279867e-04 3.900680758021493133e-04 3.919110179402801163e-04 3.906324876199426571e-04 3.869084430005829836e-04 3.812788564350829312e-04 3.741613760937035141e-04 3.658772727750842792e-04 3.566774159151206089e-04 3.467635641174997697e-04 3.363044068580145615e-04 3.254471032962913640e-04 3.878232338755819089e-04 5.006019688509465593e-04 6.421510724406180506e-04 8.187351028184667538e-04 1.037736701697388386e-03 1.307808758859976741e-03 1.639040494838778271e-03
4.919133293726503654e-13 7.330682768282879036e-13 1.085312252221488484e-12 1.596481547196649326e-12 2.333548327825855091e-12 3.389666144955661818e-12 4.893584084448323291e-12 7.022144893904345524e-12 1.001674070622642151e-11 1.420495720727791518e-11 2.002876305035383874e-11 2.808116337728708836e-11 3.915364653961453588e-11 5.429712892126366907e-11 7.490033605337087696e-11 1.027891101880308756e-10 1.403515527066755996e-10 1.906923381809078203e-10 2.578208765836331103e-10 3.468713549774524010e-10 4.643508063797674253e-10 6.184001937609247961e-10 8.190351377790978705e-10 1.078319037578813725e-09 1.410370114255435247e-09 4.478379696916040622e-09 6.057402195287413981e-09 8.125702161705257108e-09 1.079620884943423734e-08 1.418486464348241730e-08 1.839538840821568524e-08 2.349679714074517832e-08 2.949665123020422943e-08 3.631971711169097154e-08 4.380861011558426326e-08 5.176236353117521864e-08 6.001076339019269637e-08 6.849249258331187301e-08 8.746902035896634962e-08 1.237421260135830511e-07 1.749758813082189938e-07 2.471378760348506406e-07 3.482767279382351864e-07 4.889436651303321024e-07 6.824352263289241836e-07 9.446097625319256493e-07 1.292940572178287246e-06 1.744487147537765601e-06 2.312710535982513428e-06 3.003670070903094873e-06 3.812977957868298280e-06 4.725289366410147818e-06 5.717250428890836882e-06 6.762665908993732342e-06 7.837103302505124934e-06 8.919835885539828676e-06 9.993346743470755863e-06 1.104199748896573244e-05 1.205130367509322531e-05 1.300829032705252938e-05 1.390252056416990881e-05 1.472718811686570228e-05 1.547963298317458862e-05 1.616105320584475922e-05 2.143472330065954493e-05 2.859394479004342653e-05 3.774608130017008813e-05 4.930736651269939551e-05 6.372094745562248191e-05 8.142386885305616189e-05 1.027936516293258192e-04 1.280704705505303831e-04 1.572554487191510266e-04 1.899950698527085914e-04 2.254766233264845110e-04 2.623801777873379574e-04 2.989440139373394987e-04 3.331854760956072222e-04 3.632564689602280246e-04 3.878184275904600613e-04 4.062731259604571436e-04 4.187483472689046415e-04 4.258822528534097454e-04 4.285446848783847399e-04 4.276168147155786584e-04 4.238706708053905834e-04 4.179310799315563490e-04 4.102842700914976332e-04 4.013044784862382125e-04 3.912827775261215157e-04 3.804514979946571423e-04 3.690029324735732931e-04 3.571028736582878963e-04 4.062711625000800021e-04 5.244100804736584465e-04 6.726841318743112747e-04 8.576537199687758913e-04 1.087049552330003870e-03 1.369931695831975603e-03 1.716863119666922968e-03
5.153363687794745973e-13 7.679743638704007860e-13 1.136991306002299525e-12 1.672501632505250139e-12 2.444667250868108231e-12 3.551078977944752949e-12 5.126619858864380600e-12 7.356560199775810650e-12 1.049380036530416508e-11 1.488155236622014977e-11 2.098288457017507504e-11 2.941914515233967343e-11 4.101971409722390174e-11 5.688593512350139617e-11 7.847338476655030614e-11 1.076961904723336730e-10 1.470586365151807469e-10 1.998177195612382421e-10 2.701818350173588994e-10 3.635440010558247604e-10 4.867463523066368485e-10 6.483614013667393119e-10 8.589570005889558784e-10 1.131298323517478201e-09 1.480387639688342049e-09 4.686831391277391264e-09 6.344511458128701078e-09 8.519507209397947613e-09 1.133386080030264660e-08 1.491495877764041633e-08 1.938029094295840808e-08 2.481425405992094169e-08 3.123930658630590698e-08 3.859053556078591699e-08 4.671048312760837008e-08 5.538282658652351522e-08 6.440771751419928747e-08 7.368975664781934291e-08 9.075233204735387081e-08 1.282540549280507906e-07 1.811763426859650303e-07 2.556740549381752286e-07 3.600736237303286231e-07 5.053438283091484043e-07 7.054103733249245828e-07 9.770681674676519408e-07 1.339141717682951066e-06 1.810534268774515781e-06 2.407007634241097286e-06 3.137114457444672636e-06 3.998592007268276134e-06 4.977124168960473277e-06 6.048789982280154330e-06 7.185368854067695453e-06 8.359687367978139460e-06 9.548378274510999406e-06 1.073177279195015368e-05 1.189247377510950051e-05 1.301432724409957486e-05 1.408255040855989572e-05 1.508473875239455953e-05 1.601213649535291152e-05 1.686042122042336641e-05 1.762964522042629546e-05 2.238166845212102900e-05 2.989860102744236120e-05 3.951978424845897184e-05 5.169010724395835097e-05 6.688744436041653028e-05 8.559011885331800108e-05 1.082232990244444578e-04 1.350796697702312456e-04 1.662138322152600998e-04 2.013189175486830823e-04 2.396086338816925108e-04 2.797496766018718953e-04 3.199044689919372238e-04 3.579360053338410041e-04 3.917698265627898207e-04 4.198091333934614159e-04 4.412297184884125508e-04 4.560213287807038103e-04 4.647896090833256708e-04 4.684554521562915206e-04 4.679955385132423206e-04 4.642878188649891304e-04 4.580534647038856017e-04 4.498578623007987035e-04 4.401369131640314129e-04 4.292286375477855380e-04 4.174010270211628922e-04 4.048737886195601554e-04 3.918342202116047862e-04 4.255972192845297142e-04 5.493515266099391467e-04 7.046707123431411937e-04 8.984251080320159550e-04 1.138710053458756762e-03 1.435012167472454140e-03 1.798390702079294629e-03
5.398747138403659030e-13 8.045425305242707571e-13 1.191131096833369472e-12 1.752141471406358346e-12 2.561077185091252702e-12 3.720177604521795981e-12 5.370751807216596839e-12 7.706898942520280711e-12 1.099357558020014924e-11 1.559036411603366001e-11 2.198243731329731229e-11 3.082083596230752608e-11 4.297463593822118438e-11 5.959800948138372934e-11 8.221656742892799623e-11 1.128369265440113218e-10 1.540850870503568126e-10 2.093776229762909449e-10 2.831313958479018421e-10 3.810105937950798892e-10 5.102084442079916650e-10 6.797496418506578058e-10 9.007807642031474078e-10 1.186802637285201553e-09 1.553744735814222159e-09 4.904151874068561175e-09 6.643903247051677230e-09 8.930275020654036039e-09 1.189488278035259169e-08 1.567719408919475409e-08 2.040936340159129467e-08 2.619243481252646603e-08 3.306554287991403108e-08 4.097643689382558419e-08 4.977019321791893272e-08 5.921702084411116655e-08 6.908708059969413944e-08 7.924742649605745219e-08 9.417837044232140260e-08 1.329593264858609682e-07 1.876365342684935144e-07 2.645559021627237562e-07 3.723258866138247177e-07 5.223376335778609054e-07 7.291524622761422418e-07 1.010513277810055820e-06 1.386620734229586613e-06 1.878278070897362317e-06 2.503665496621444825e-06 3.274044466812909016e-06 4.189607197411883577e-06 5.237462100590710180e-06 6.393449911823968194e-06 7.627437028251370664e-06 8.909363706128891353e-06 1.021292482760053158e-05 1.151600433276371919e-05 1.279923896769725275e-05 1.404467794619377807e-05 1.523562336349082639e-05 1.635755365324159942e-05 1.739954100056441245e-05 1.835531672199823027e-05 1.922348812526447742e-05 2.336105028941313209e-05 3.125147639441899273e-05 4.136313016569795309e-05 5.417099263202947482e-05 7.018944273099481123e-05 8.994030869449704370e-05 1.138992228746751921e-04 1.424149775841797533e-04 1.756002837341157237e-04 2.132008819148871524e-04 2.544643838637355385e-04 2.980527937121875393e-04 3.420609009975308576e-04 3.842012505024688961e-04 4.221668845240995503e-04 4.540822794197879467e-04 4.788644636852803452e-04 4.963297816128351076e-04 5.070249770609262146e-04 5.119105071123511040e-04 5.120604085621395778e-04 5.084683098464167373e-04 5.019641832126659929e-04 4.932044934687117646e-04 4.826968115843806610e-04 4.708339511518157120e-04 4.579255139021473219e-04 4.442230811300576336e-04 4.299388083559337200e-04 4.458431752255102290e-04 5.754802274340964710e-04 7.381799774361072529e-04 9.411374389871050069e-04 1.192829939569174484e-03 1.503190948094624028e-03 1.883799607433044422e-03
5.655814706736271331e-13 8.428519179617915751e-13 1.247848794561713880e-12 1.835573421192034045e-12 2.683030065975174943e-12 3.897327989532654147e-12 5.626508282174998396e-12 8.073919328556003416e-12 1.151714796915804187e-11 1.633292647380667922e-11 2.302958452121439691e-11 3.228926935968956687e-11 4.502264292293148278e-11 6.243922149186882694e-11 8.613798507180025231e-11 1.182224440326574997e-10 1.614461110228642604e-10 2.193927380594078225e-10 2.966975846373026680e-10 3.993089345608466603e-10 5.347878589675892095e-10 7.126328459523939467e-10 9.445969440659364475e-10 1.244952102108007933e-09 1.630600163898734275e-09 5.130692395183371270e-09 6.956064753864830528e-09 9.358678707715053796e-09 1.248020054205718196e-08 1.647283705515349719e-08 2.148432826472211944e-08 2.763366984575165262e-08 3.497850956864794988e-08 4.348171908589256698e-08 5.299376728845668615e-08 6.327373216707148697e-08 7.406198537926455109e-08 8.518488316836405457e-08 9.775343523995472445e-08 1.378666506723882802e-07 1.943684526710598761e-07 2.737998645666227029e-07 3.850559149101944301e-07 5.399552596348622383e-07 7.537014281462021991e-07 1.044996348111343369e-06 1.435440111111432664e-06 1.947788466148089835e-06 2.602751724975242491e-06 3.414510523940169128e-06 4.386046747754926878e-06 5.506317885890277883e-06 6.751313393070866841e-06 8.089167433464132032e-06 9.486830480215538528e-06 1.091475756436560303e-05 1.234805270742401967e-05 1.376513875040015943e-05 1.514611684602939886e-05 1.647226191320508027e-05 1.772679148729731574e-05 1.889638581178399286e-05 1.997253442258052793e-05 2.095207031453747904e-05 2.437310525352728388e-05 3.265329039540751642e-05 4.327761781090524410e-05 5.675267317501666729e-05 7.363119976307325729e-05 9.448084989987271833e-05 1.198306433216270043e-04 1.500892010852408309e-04 1.854321230483174079e-04 2.256639108220909239e-04 2.700738534656015911e-04 3.173284700413117761e-04 3.654641373259326039e-04 4.120485406645607389e-04 4.545382668111984511e-04 4.907601586775204748e-04 5.193390556126976703e-04 5.398789742196642878e-04 5.528361612506212715e-04 5.591945347807608527e-04 5.601247613436415116e-04 5.567454195923697297e-04 5.500086030230732581e-04 5.406751945924444898e-04 5.293358983530471436e-04 5.164474270515917453e-04 5.023679415679359068e-04 4.873861157990759746e-04 4.717428794108487048e-04 4.670527840094240322e-04 6.028526638692641073e-04 7.732843768673373095e-04 9.858830755946376527e-04 1.249526257427665925e-03 1.574615506416472254e-03 1.973274589572681162e-03
5.925122740853655024e-13 8.829854357213372663e-13 1.307267148164825406e-12 1.922978046076562434e-12 2.810789825097324061e-12 4.082913523514907507e-12 5.894442794319976183e-12 8.458415666871337871e-12 1.206565065249058424e-11 1.711084650001224003e-11 2.412659243981085131e-11 3.382762334192333814e-11 4.716816736742790127e-11 6.541572013284367144e-11 9.024612446429308859e-11 1.238643983261225401e-10 1.691576392303590226e-10 2.298847396173236383e-10 3.109097614596457323e-10 4.184786247956203822e-10 5.605377915895054970e-10 7.470821798242989394e-10 9.905003676196844271e-10 1.305872565837655522e-09 1.711120256179924940e-09 5.366816871555160967e-09 7.281500796474284064e-09 9.805415889664192311e-09 1.309077387568478629e-08 1.730320134417864033e-08 2.260697314512397783e-08 2.914037835551336943e-08 3.698147322743328359e-08 4.611082476661580989e-08 5.638739336337258502e-08 6.756191442179322361e-08 7.934578243899503913e-08 9.152193807104486593e-08 1.040467159143943181e-07 1.429850690449900409e-07 2.013845535519598544e-07 2.834230255062031360e-07 3.982869956550115906e-07 5.582281441815524402e-07 7.790990303093998111e-07 1.080571348941760573e-06 1.485666463825890815e-06 2.019141602503620169e-06 2.704342827623130924e-06 3.558574034867573229e-06 4.587943406747536071e-06 5.783706872496410159e-06 7.122446947115490327e-06 8.570821485013281550e-06 1.009274241311460309e-05 1.165512863883571948e-05 1.322993617251914108e-05 1.479308037853051754e-05 1.632253202830075570e-05 1.779741737770617040e-05 1.919855412957477054e-05 2.051001615242840584e-05 2.172074832520088329e-05 2.282545278310250090e-05 2.541799007842665748e-05 3.410466286596347123e-05 4.526463928073595858e-05 5.943770642304882832e-05 7.721692108350638301e-05 9.921817775163655471e-05 1.260269196503655475e-04 1.581154482589954469e-04 1.957271849655310150e-04 2.387317368338028772e-04 2.864681263881367818e-04 3.376170921574987173e-04 3.901667703843088677e-04 4.415472456757620480e-04 4.889770007120829848e-04 5.299683261343555432e-04 5.628203865317762131e-04 5.868827226812344585e-04 6.024840213342637016e-04 6.106102167963117344e-04 6.125245370646013746e-04 6.094788037757320562e-04 6.025612440109741254e-04 5.926519686153146121e-04 5.804378907408272881e-04 5.664501641975703888e-04 5.511036156425387373e-04 5.347301159697973212e-04 5.176039467531090132e-04 4.999608539368246033e-04 6.315279985296060050e-04 8.100598018939228094e-04 1.032758769788186259e-03 1.308921617735903879e-03 1.649440323154235640e-03 2.067009188998136446e-03
6.207254079748623127e-13 9.250299411413675110e-13 1.369514751405167414e-12 2.014544507975227736e-12 2.944632961335920435e-12 4.277335852435272690e-12 6.175135210055112545e-12 8.861220088075754189e-12 1.264027070488924551e-11 1.792580777652362212e-11 2.527583522399255009e-11 3.543922722923701767e-11 4.941585263599173917e-11 6.853394717079951505e-11 9.454987648050787883e-11 1.297749997952134989e-10 1.772363610350748487e-10 2.408763345389871289e-10 3.257986844424085987e-10 4.385611517245864684e-10 5.875139703233142697e-10 7.831721990500514884e-10 1.038590379532349579e-09 1.369695873317373873e-09 1.795479275865748802e-09 2.337907232707115760e-09 7.620734354063276345e-09 1.027120942490024777e-08 1.372759761517370985e-08 1.816964920807696928e-08 2.377915275553676877e-08 3.071507121876804347e-08 3.907782227718708880e-08 4.886834916225109995e-08 5.995743252564163884e-08 7.209070113301246307e-08 8.495203822810361440e-08 9.827880407949915722e-08 1.119798798327967573e-07 1.483239654943428051e-07 2.086977663746931821e-07 2.934431246243536656e-07 4.120433301788782559e-07 5.771890151989120516e-07 8.053888878485948496e-07 1.117295003566368644e-06 1.537370575809189821e-06 2.092419948308598682e-06 2.808524487940852728e-06 3.706308179621250927e-06 4.795341266450515693e-06 6.069648010281351912e-06 7.506903473953940647e-06 9.072625648953483007e-06 1.072770691408573085e-05 1.243525211626849898e-05 1.416366981964503964e-05 1.588602402012441762e-05 1.757793393957212021e-05 1.921624029572054391e-05 2.077922512317980117e-05 2.224814925233272641e-05 2.360910725767685492e-05 2.485429056046014880e-05 2.649577876931845139e-05 3.560610552191679069e-05 4.732546507099435486e-05 6.222853563789688524e-05 8.095073424897028850e-05 1.041587218147597521e-04 1.324975207206668915e-04 1.665071017642574315e-04 2.065038005711198384e-04 2.524288712148228483e-04 3.036794040780804618e-04 3.589605368359076150e-04 4.162232413457571433e-04 4.727688919435561613e-04 5.255786193516239846e-04 5.718356096347423489e-04 6.094804261965832597e-04 6.375632283328073677e-04 6.562424857338714423e-04 6.664786546561566206e-04 6.696192525269866131e-04 6.670560365016759948e-04 6.600278097084414514e-04 6.495502023114348980e-04 6.364211760390366167e-04 6.212584948178550594e-04 6.045430941031362283e-04 5.866571794147527798e-04 5.679137368083227643e-04 5.485788344851372190e-04 6.615682022514738888e-04 8.485857479757556677e-04 1.081865870424576596e-03 1.371144458810186597e-03 1.727827223426608733e-03 2.165206149737285320e-03
6.502819314731349348e-13 9.690764273378922133e-13 1.434726321133999535e-12 2.110470975890304177e-12 3.084849139271417414e-12 4.481015746935563407e-12 6.469193006559477572e-12 9.283204345304692574e-12 1.324225172450240182e-11 1.877957405023796310e-11 2.647980007585493676e-11 3.712756886999544587e-11 5.177056319032496084e-11 7.180065110216346953e-11 9.905855534123466399e-11 1.359670402194933778e-10 1.856997604830979114e-10 2.523913109380232158e-10 3.413965763334928754e-10 4.595999781426722364e-10 6.157747772717317214e-10 8.209810099987568959e-10 1.088971056701066179e-09 1.436560151725730882e-09 1.883859794293297585e-09 2.454238983485951688e-09 7.974307116029285663e-09 1.075680816055111970e-08 1.439170266492955071e-08 1.907359289793017262e-08 2.500279089930441403e-08 3.236035392689143516e-08 4.127107165787492482e-08 5.175904796567443570e-08 6.371043121187309694e-08 7.686941904216812861e-08 9.089453695473861806e-08 1.054760693667607760e-07 1.204696198724076328e-07 1.538930772415011917e-07 2.163215095347571935e-07 3.038785782199735253e-07 4.263500606313561859e-07 5.968719237372851759e-07 8.326165171102161044e-07 1.155226827277849445e-06 1.590627440783632188e-06 2.167712367286577593e-06 2.915391795066192298e-06 3.857798620387865080e-06 5.008297479691896998e-06 6.364166890851854205e-06 7.904725754295098582e-06 9.594772952969819852e-06 1.139228100163698675e-05 1.325629584997765571e-05 1.515125467429351450e-05 1.704697262658679311e-05 1.891644911395634130e-05 2.073407974405784180e-05 2.247547497741149154e-05 2.411888519646946091e-05 2.564725090074723070e-05 2.704985449217476288e-05 2.832288391161527890e-05 3.715801437939083158e-05 4.946122936124767934e-05 6.512746762068857863e-05 8.483666012974540771e-05 1.093088730437325948e-04 1.392519908324219274e-04 1.752777872578841498e-04 2.177807724123559917e-04 2.667805915211350154e-04 3.217410133824539532e-04 3.814022093606085802e-04 4.436899199060145762e-04 5.057872815500165375e-04 5.644412811125978794e-04 6.164941481187324315e-04 6.594961165437529223e-04 6.921508905439207162e-04 7.143984955655813956e-04 7.271397075410471460e-04 7.317929143755726434e-04 7.298941457444413925e-04 7.228472830675250265e-04 7.118212059674004300e-04 6.977416682086199327e-04 6.813270445416034961e-04 6.631353593497232900e-04 6.436074928632764831e-04 6.231013952162203556e-04 6.019181648046364151e-04 6.930381865002688832e-04 8.889454849799294060e-04 1.133310540638555412e-03 1.436329322424257510e-03 1.809945724824326514e-03 2.268077855863227365e-03
6.812458110876929623e-13 1.015220220132644627e-12 1.503042988846879585e-12 2.210965054790305304e-12 3.231741816081363640e-12 4.694394012968547781e-12 6.777252586495568380e-12 9.725281700876052232e-12 1.387289652434234173e-11 1.967399305019426264e-11 2.774109262750977825e-11 3.889630218913500268e-11 5.423739511726492374e-11 7.522290175845917172e-11 1.037819187718776414e-10 1.424539204713725404e-10 1.945661541435065268e-10 2.644545896351968857e-10 3.577371942380054202e-10 4.816406364771518815e-10 6.453813747417591991e-10 8.605904388636734739e-10 1.141751433497160266e-09 1.506610109516296113e-09 1.976453086066359603e-09 2.576120400058300636e-09 8.342780045306591294e-09 1.126298769940768149e-08 1.508415704805466894e-08 2.001649610549953315e-08 2.627988248543320549e-08 3.407892952408278714e-08 4.356486744920702324e-08 5.478784510759200518e-08 6.765313373078459353e-08 8.190760332839134885e-08 9.718728645209425404e-08 1.131346749700241782e-07 1.295465654212498388e-07 1.597025060640866108e-07 2.242697058400703077e-07 3.147485001806169061e-07 4.412332974215284706e-07 6.173122781913750954e-07 8.608293715286988091e-07 1.194429169593725189e-06 1.645516306566634787e-06 2.245114186310318470e-06 3.025049441148652942e-06 4.013144127212154903e-06 5.226883863444117480e-06 6.667298793091005070e-06 8.315950353665389576e-06 1.013742538692015656e-05 1.208696918016510204e-05 1.411937367839815238e-05 1.619466611073527989e-05 1.827896030686541656e-05 2.034231211096804783e-05 2.235648111003371322e-05 2.429426551382041092e-05 2.613071750851232697e-05 2.784532606050218139e-05 2.942405344013687262e-05 3.086035540396108199e-05 3.876066328698385817e-05 5.167291584095122249e-05 6.813665000877911458e-05 8.887858236057600712e-05 1.146749474591293478e-04 1.462999107812387202e-04 1.844413357916335717e-04 2.295773429558241275e-04 2.818129219540791526e-04 3.406874066852133369e-04 4.049870744413275499e-04 4.726251784493620128e-04 5.406786123291449113e-04 6.056659036839917012e-04 6.640794582180647651e-04 7.130492887093041812e-04 7.508841036543515432e-04 7.772518816405127274e-04 7.929522363069096752e-04 7.994548564073640853e-04 7.984411283268159649e-04 7.914940742330478854e-04 7.799548761800935599e-04 7.648958471481863723e-04 7.471520197972559077e-04 7.273712481403768297e-04 7.060628233265889026e-04 6.836369797696141256e-04 6.604353437874185785e-04 7.260059418660831177e-04 9.312262352911679017e-04 1.187203985399630990e-03 1.504617142625420782e-03 1.895973401776140151e-03 2.375846788480090281e-03
7.136840591394554385e-13 1.063561184358122104e-12 1.574612606121769822e-12 2.316244234910611518e-12 3.385628898285271710e-12 4.917932445794328239e-12 7.099980655317921718e-12 1.018840890278107490e-11 1.453356995184544622e-11 2.061100048644584394e-11 2.906244258021850132e-11 4.074925509602219949e-11 5.682168715778328202e-11 7.880810560690247547e-11 1.087301891202164023e-10 1.492496795184031150e-10 2.038547307492621918e-10 2.770922780922876164e-10 3.748559026757025018e-10 5.047308273293594519e-10 6.763978376127560853e-10 9.020862087513830722e-10 1.197045737740052987e-09 1.579997349600068830e-09 2.073459543026684892e-09 2.703815261713777872e-09 8.726733956786033958e-09 1.179055118505391542e-08 1.580606697660385571e-08 2.099987543055833759e-08 2.761249556951549782e-08 3.587360155456963227e-08 4.596299144361914608e-08 5.795984041036285215e-08 7.179249488579374788e-08 8.721501423053644268e-08 1.038445279748966925e-07 1.212758969978727334e-07 1.392420598430019697e-07 1.657627297443963203e-07 2.325567983331904858e-07 3.260727234590878724e-07 4.567201475461427370e-07 6.385468800258444791e-07 8.900768837142669475e-07 1.234967259475404610e-06 1.702120721067891245e-06 2.324727258113351582e-06 3.137611889628303278e-06 4.172457125074228543e-06 5.451188376828767293e-06 6.979091684205752484e-06 8.740611852125858947e-06 1.070071718181081663e-05 1.281222241128714163e-05 1.502553818237066351e-05 1.729584176525647337e-05 1.958503921904195075e-05 2.185985550866286902e-05 2.408918205770302901e-05 2.624285298883936228e-05 2.829254327175282309e-05 3.021400311834736608e-05 3.198945695978967730e-05 3.360912251598989633e-05 4.041419880441238856e-05 5.396134442335476645e-05 7.125804840503863191e-05 9.308021512145642500e-05 1.202631464584021114e-04 1.536508539146136821e-04 1.940117398273522227e-04 2.419131556271146696e-04 2.975526056012408401e-04 3.605541535052685727e-04 4.297616785380141001e-04 5.030894589603092859e-04 5.775215963842705294e-04 6.493563099357271698e-04 7.147305291830206549e-04 7.703266085436463522e-04 8.140090481263343846e-04 8.451151796633521365e-04 8.642942471937262519e-04 8.730404844647965705e-04 8.731774250669978137e-04 8.664802050289552781e-04 8.544824744279530277e-04 8.384239820412209450e-04 8.192747317898543434e-04 7.977871548853802345e-04 7.745503061776969544e-04 7.500352630297589139e-04 7.246306030771124248e-04 7.605426829380066128e-04 9.755193601495092777e-04 1.243662689591447726e-03 1.576155548074811103e-03 1.986096267018047559e-03 2.488746004251214412e-03
7.476668787914421117e-13 1.114203939985991053e-12 1.649590064600809825e-12 2.426536362447875301e-12 3.546843429760898013e-12 5.152114829401976434e-12 7.438075664163317301e-12 1.067358825528732450e-11 1.522570184268782102e-11 2.159262423934231192e-11 3.044670961203739339e-11 4.269043776885116092e-11 5.952903226113931388e-11 8.256402177954747998e-11 1.139140754797069600e-10 1.563690248065439337e-10 2.135855927256455600e-10 2.903317269141034350e-10 3.927897501172181290e-10 5.289205227087846989e-10 7.088912920079233209e-10 9.455581252046769628e-10 1.254973637910779941e-09 1.656880697448565729e-09 2.175089107955180728e-09 2.837599928942490637e-09 9.126770111635244030e-09 1.234033010597669028e-08 1.655857794456549935e-08 2.202530187485475061e-08 2.900277342185866022e-08 3.774727702216799646e-08 4.846936567711885536e-08 6.128031711287685656e-08 7.613569259875216719e-08 9.280165479999701082e-08 1.108807497712652428e-07 1.299213342311758415e-07 1.495881068103270027e-07 1.720846137315564106e-07 2.411977664425991318e-07 3.378718220733962907e-07 4.728387437737287412e-07 6.606139609108092367e-07 9.204105097812874290e-07 1.276909253680032786e-06 1.760528581084772900e-06 2.406660020913774483e-06 3.253203518970495507e-06 4.335864167472548243e-06 5.681316466665752166e-06 7.299609131040561595e-06 9.178747315884797594e-06 1.128475892841111848e-05 1.356843829645639616e-05 1.597577425499773662e-05 1.845666917633449652e-05 2.096826504097903867e-05 2.347349781859771234e-05 2.593810642131004899e-05 2.832878968847890523e-05 3.061367254107691301e-05 3.276449254415905705e-05 3.475931848792712930e-05 3.658459610751376096e-05 4.211863664462558017e-05 5.632715921198970673e-05 7.449342376274548159e-05 9.744506959937078124e-05 1.260795139178070971e-04 1.613143370718472889e-04 2.040031024525858759e-04 2.548082077324373483e-04 3.140270676312375045e-04 3.813779224458545281e-04 4.557741622906254274e-04 5.351453309557471826e-04 6.163975744460160108e-04 6.956193823807417303e-04 7.685899449634138025e-04 8.315195557057343230e-04 8.817794865918601906e-04 9.183133913451172565e-04 9.415629312881474648e-04 9.530119128465987938e-04 9.546173348315539200e-04 9.483575117672731316e-04 9.359795110046048193e-04 9.189135379748485230e-04 8.982853651626472678e-04 8.749690235663114095e-04 8.496465505298127262e-04 8.228598687553670193e-04 7.950520148237614441e-04 7.967229998156948956e-04 1.021920554612384610e-03 1.302808667173612064e-03 1.651099178393185913e-03 2.080509170867615113e-03 2.607019636354632967e-03
7.832678159831348789e-13 1.167258088546633005e-12 1.728137631208293407e-12 2.542080132666944116e-12 3.715734312520988523e-12 5.397447983519487579e-12 7.792269321445417793e-12 1.118186978813518845e-11 1.595079011524933409e-11 2.262098874828753157e-11 3.189688956676016914e-11 4.472405133350957553e-11 6.236528968919424738e-11 8.649877886567406090e-11 1.193447968662040998e-10 1.638273640901564262e-10 2.237797996961181827e-10 3.042015890409219173e-10 4.115775491647183260e-10 5.542620741829780408e-10 7.429320605693267154e-10 9.911002705606824406e-10 1.315660502140184808e-09 1.737426544827717388e-09 2.281561728941884397e-09 2.977763941577890898e-09 9.543510828421578955e-09 1.291318511955805759e-08 1.734287584439223440e-08 2.309440236348988303e-08 3.045293662409604695e-08 3.970296936551511992e-08 5.108805692414624965e-08 6.475474926087621089e-08 8.069014044898681543e-08 9.867778951643439395e-08 1.183107041743875581e-07 1.390929016894582947e-07 1.606173191725388981e-07 1.827439144928334587e-07 2.502081424493611943e-07 3.501671336080792296e-07 4.896182746505881648e-07 6.835532212208577405e-07 9.518837758793076090e-07 1.320326288313852758e-06 1.820832184397229721e-06 2.491027556704714009e-06 3.371958746124896838e-06 4.503506342558268917e-06 5.917392277617364329e-06 7.628933082857298422e-06 9.630400923732156866e-06 1.188964247045727302e-05 1.435596255628425364e-05 1.697099373955791526e-05 1.967897342525277456e-05 2.243168113682804423e-05 2.518772922232181044e-05 2.790935575912667981e-05 3.055992366046988317e-05 3.310383674923933250e-05 3.550856130324599522e-05 3.774759903818324390e-05 3.980306892354179207e-05 4.387385986847197595e-05 5.877081809123699420e-05 7.784431050347736310e-05 1.019764195750050978e-04 1.321298903496245206e-04 1.692997663840965447e-04 2.144295794353714047e-04 2.682827945689240609e-04 3.312643684647422295e-04 4.031964522959434623e-04 4.830742616463951458e-04 5.688575386331995443e-04 6.573906234012329717e-04 7.445652226256542234e-04 8.258040311770957053e-04 8.968244400533067866e-04 9.544565756058760167e-04 9.971837015863135780e-04 1.025174598731534627e-03 1.039858477236514471e-03 1.043310344714583468e-03 1.037719844821516878e-03 1.025068720469723667e-03 1.007002762267420956e-03 9.848269977823565814e-04 9.595566430799367134e-04 9.319820829564507726e-04 9.027277675378055349e-04 8.722999687835102187e-04 8.411221992483961310e-04 1.070530051449013762e-03 1.364769721860498077e-03 1.729610015264513309e-03 2.179416219157165064e-03 2.730923418784383591e-03
8.205639185992869549e-13 1.222838450329807151e-12 1.810425299330266335e-12 2.663125606487391416e-12 3.892667061810291446e-12 5.654462860477773782e-12 8.163328176424986898e-12 1.171435352902210199e-11 1.671040401242266332e-11 2.369831960947138817e-11 3.341612093755125907e-11 4.685449695569486527e-11 6.533659769708090667e-11 9.062089250375761114e-11 1.250341064982611200e-10 1.716408387776107743e-10 2.344594140597561171e-10 3.187318817594529132e-10 4.312599605505015659e-10 5.808103261773111561e-10 7.785938146508399630e-10 1.038811207564845486e-09 1.379237669532258364e-09 1.821809209906485510e-09 2.393107835408220449e-09 3.124610645457109009e-09 4.052474864517954942e-09 1.351000689698246705e-08 1.816018810804765066e-08 2.420886129460733733e-08 3.196528519553709618e-08 4.174380145206131772e-08 5.382328116287176188e-08 6.838880896196460735e-08 8.546350005866158732e-08 1.048539635102377766e-07 1.261494278763579829e-07 1.488128305325535320e-07 1.723628721346782702e-07 1.965762138546908972e-07 2.596040282544137262e-07 3.629807821934015667e-07 5.070890152920355166e-07 7.074058698458505981e-07 9.845523268750061362e-07 1.365292533617356359e-06 1.883128285562216452e-06 2.577951649749774903e-06 3.494022133743519225e-06 4.675539618467951711e-06 6.159559727621004312e-06 7.967166493928378639e-06 1.009562866148667554e-05 1.251544648389620725e-05 1.517509185523635647e-05 1.801203138342500270e-05 2.096450509164205238e-05 2.397830159782240314e-05 2.700709507300877565e-05 3.000919830930806194e-05 3.294439622353959599e-05 3.577319575978597663e-05 3.845854892634609272e-05 4.096899135268454516e-05 4.328174783558070052e-05 4.567961898276965663e-05 6.129258430514961575e-05 8.131199589008348801e-05 1.066772666728936015e-04 1.384198644995581254e-04 1.776163780259006368e-04 2.253053138376513405e-04 2.823574440586198520e-04 3.492931459125435270e-04 4.260485109993559453e-04 5.117132961611224390e-04 6.042930353334756161e-04 7.005876542498218730e-04 7.963073119275892314e-04 8.865230236879966148e-04 9.664424574753972732e-04 1.032308703506226808e-03 1.082075164047803170e-03 1.115564510051386638e-03 1.134097110973491824e-03 1.139842352500157821e-03 1.135205240208476615e-03 1.122423110919564763e-03 1.103384443687157983e-03 1.079599876000939852e-03 1.052248259897893773e-03 1.022246150820017591e-03 9.903141580830633010e-04 9.570320486125292797e-04 9.228801249280833407e-04 1.121452834393081100e-03 1.429679719793492060e-03 1.811857728862760995e-03 2.283031210590796140e-03 2.860725235312580345e-03
8.596359032176818094e-13 1.281065312879798113e-12 1.896631156715815199e-12 2.789934751667713571e-12 4.078024597157085101e-12 5.923715694302703127e-12 8.552055278183005852e-12 1.227219188429281631e-11 1.750618749778350080e-11 2.482694839252594741e-11 3.500769165930224778e-11 4.908638536595828924e-11 6.844938681767303850e-11 9.493928381109346532e-11 1.309943172335556438e-10 1.798263588646738845e-10 2.456475487389030504e-10 3.339540516665325346e-10 4.518795811353370152e-10 6.086227346697999391e-10 8.159537337584015401e-10 1.088794192681434347e-09 1.445842734409855154e-09 1.910211314519608582e-09 2.509968836811927188e-09 3.278457848955762651e-09 4.254154784893940093e-09 1.413171699023499675e-08 1.901178487370016072e-08 2.537042211843878437e-08 3.354220075054786206e-08 4.387300859371394808e-08 5.667940801741776865e-08 7.218837350839669309e-08 9.046369327140573450e-08 1.113410221545751795e-07 1.344122649853359088e-07 1.591036744563581927e-07 1.848584624207354346e-07 2.113612959328292525e-07 2.694021124306092117e-07 3.763357019374155083e-07 5.252823589198036983e-07 7.322146652567438371e-07 1.018473977120705809e-06 1.411885251977762269e-06 1.947518155714474715e-06 2.667560846611163644e-06 3.619548484905119015e-06 4.852135134823170614e-06 6.407983452391779843e-06 8.314435761728017181e-06 1.057450300125044935e-05 1.316224263412124538e-05 1.602607797978809515e-05 1.909964233684300478e-05 2.231492887259406584e-05 2.561109340225150853e-05 2.893617716115710141e-05 3.224405510824841396e-05 3.549063687378300715e-05 3.863234316909834099e-05 4.162738294545277980e-05 4.443894439784984326e-05 4.703878693893226394e-05 4.940957197946406444e-05 6.389252036580509667e-05 8.489750120795848864e-05 1.115503059050716061e-04 1.449547229012074093e-04 1.862731741469621336e-04 2.366443630149991028e-04 2.970528412950811407e-04 3.681425452596400784e-04 4.499738411306826794e-04 5.417441428315230125e-04 6.415210033007333161e-04 7.460784976691603931e-04 8.509626687506643581e-04 9.509012546117837864e-04 1.040579785605588638e-03 1.115611363830792827e-03 1.173348369147785963e-03 1.213186610625645746e-03 1.236272574070382008e-03 1.244836757156979508e-03 1.241498035352513402e-03 1.228769065243628857e-03 1.208809833916739841e-03 1.183365947080906129e-03 1.153805520702072540e-03 1.121191906476692434e-03 1.086357761645917160e-03 1.049968338995401276e-03 1.012569724454267465e-03 1.174798861123718891e-03 1.497678874802085705e-03 1.898020040326292047e-03 2.391578094479068339e-03 2.996705694004103433e-03
9.005683297967201160e-13 1.342064691322868635e-12 1.986941770896270777e-12 2.922782009758447329e-12 4.272208071091280122e-12 6.205789204522092504e-12 8.959291913587165922e-12 1.285659213298824258e-11 1.833986281347223871e-11 2.600931768653079147e-11 3.667504622441191534e-11 5.142454683829212562e-11 7.171039377860603805e-11 9.946329869096427252e-11 1.372383282164941562e-10 1.884016395312836184e-10 2.573684172003764088e-10 3.499010427261485871e-10 4.734810360969996510e-10 6.377594915378846624e-10 8.550926725826511166e-10 1.141157399562240526e-09 1.515619844097981479e-09 2.002824179401028929e-09 2.632397645114148735e-09 3.439638510818747615e-09 4.465456088008577315e-09 1.477926872252036852e-08 1.989898017937731731e-08 2.658088894692876285e-08 3.518614868833635728e-08 4.609394158687412294e-08 5.966096518340294807e-08 7.615953237366745781e-08 9.569891408569182971e-08 1.181501308141841138e-07 1.431148924276434829e-07 1.699883225333816000e-07 1.981382749139259037e-07 2.271494732432382824e-07 2.796196875424141059e-07 3.902556607841915016e-07 5.442308491039914058e-07 7.580239577648042212e-07 1.053708763233474987e-06 1.460184859132795324e-06 2.014107646594962624e-06 2.759990518835600497e-06 3.748702928769672824e-06 5.033479447448396211e-06 6.662849625278456886e-06 8.670892963861564066e-06 1.106711748873786417e-05 1.383010218859137113e-05 1.690913333581862339e-05 2.023450139456728312e-05 2.373181323831977812e-05 2.733295800850550419e-05 3.097957281027540437e-05 3.462048306291961832e-05 3.820735519613414460e-05 4.169230941262391983e-05 4.502859332830031283e-05 4.817368802092368205e-05 5.109332154291820028e-05 5.376451197554234663e-05 6.657048459322193552e-05 8.860156532156145538e-05 1.165978922219867986e-04 1.517393980441057787e-04 1.952788543725227717e-04 2.484606179688528369e-04 3.123897424766556717e-04 3.878421362869289039e-04 4.750130904549851232e-04 5.732211936951667371e-04 6.806128565900860074e-04 7.939559742698902925e-04 9.086519990386630061e-04 1.019097350782133433e-03 1.119447718100797335e-03 1.204647072272619843e-03 1.271375109659042416e-03 1.318513178030405629e-03 1.346957527770382924e-03 1.358955393490509506e-03 1.357330898418668145e-03 1.344889468089926132e-03 1.324092716271970793e-03 1.296953647163647970e-03 1.265058755802835576e-03 1.229641993194740927e-03 1.191666557847764372e-03 1.151897196871019520e-03 1.110956289634849057e-03 1.230683296381726880e-03 1.568914046686120710e-03 1.988283100947701131e-03 2.505291449662969822e-03 3.139158728430921017e-03
9.434497846808796780e-13 1.405968601090384511e-12 2.081552592956416566e-12 3.061954890051168279e-12 4.475637737322495853e-12 6.501293857292791684e-12 9.385919428012827795e-12 1.346881903965008657e-11 1.921323420748662766e-11 2.724798638628722966e-11 3.842179313738914467e-11 5.387404164385400510e-11 7.512667608196629346e-11 1.042027280591320504e-10 1.437796527946614280e-10 1.973852394809084369e-10 2.696473858584808459e-10 3.666073675670776755e-10 4.961110755084995493e-10 6.682836548262614025e-10 8.960953359854306439e-10 1.196014153157081393e-09 1.588720010889091269e-09 2.099848238243326004e-09 2.760659222139482489e-09 3.608501460776043054e-09 4.686836078327814925e-09 1.545364810359820185e-08 2.082313318509529064e-08 2.784212819537354237e-08 3.689968041665531165e-08 4.841006977951898202e-08 6.277264284303002907e-08 8.030859409105257855e-08 1.011776403173028290e-07 1.252927945656010123e-07 1.522733472378603159e-07 1.814900182545872716e-07 2.122369580207361372e-07 2.439920467666167114e-07 2.902746677148202164e-07 4.047652847697673260e-07 5.639682126653063821e-07 7.848797329079015340e-07 1.090318998798053535e-06 1.510274988501088041e-06 2.083007258950090673e-06 2.855382929231425521e-06 3.881661000242304382e-06 5.219774733245051837e-06 6.924366660680454507e-06 9.036717883836111292e-06 1.157359117068949284e-05 1.451910295317964177e-05 1.782443768930162906e-05 2.141720413642484407e-05 2.521662150894752810e-05 2.914671276357101265e-05 3.314187194677958365e-05 3.714515481354392645e-05 4.110352938676164363e-05 4.496456218709182675e-05 4.867632547239781178e-05 5.219025750273352553e-05 5.546550303125511019e-05 5.847266983157714581e-05 6.932613053356565273e-05 9.242463116596777884e-05 1.218220088543922494e-04 1.587784159540781372e-04 2.046417434405022290e-04 2.607677151883081718e-04 3.283888778210824664e-04 4.084218162665403744e-04 5.012077261066662627e-04 6.062002953192136261e-04 7.216422248272543480e-04 8.443159465143605918e-04 9.694998347722844686e-04 1.091274439053316640e-03 1.203262834430933936e-03 1.299705333234174370e-03 1.376538059505588675e-03 1.432034395648034515e-03 1.466752451544129114e-03 1.482899288380243059e-03 1.483486738256783186e-03 1.471626827687175926e-03 1.450113601719308764e-03 1.421262939279566628e-03 1.386912611793244231e-03 1.348494552874907959e-03 1.307123990698844454e-03 1.263681521672084876e-03 1.218878102960647448e-03 1.289226755642728815e-03 1.643539053152910309e-03 2.082841888769513920e-03 2.624416985606941623e-03 3.288392226920223722e-03
9.883730723201108296e-13 1.472915343627847362e-12 2.180668380531563660e-12 3.207754591808783166e-12 4.688753860257090476e-12 6.810869186577261420e-12 9.832861132758937597e-12 1.411019759153615996e-11 2.012819183845215873e-11 2.854563523030241271e-11 4.025171272441224527e-11 5.644017100245333650e-11 7.870562727820346592e-11 1.091678290334296417e-10 1.506324477645341388e-10 2.067966011054667383e-10 2.825110289732396036e-10 3.841091821754400820e-10 5.198186755150291827e-10 7.002612852176948660e-10 9.390504623188481917e-10 1.253483174972774463e-09 1.665301438865557806e-09 2.201493471479331839e-09 2.895031153013703558e-09 3.785412154503611649e-09 4.918773872157453752e-09 1.615587477170862543e-08 2.178564942519975436e-08 2.915607025775371301e-08 3.868543561112711303e-08 5.082498416796379624e-08 6.601929807572797426e-08 8.464209302372773976e-08 1.069086449762827505e-07 1.327808777325736830e-07 1.619040552805285831e-07 1.936323843581058230e-07 2.271896087068468428e-07 2.619412168973272677e-07 3.013856064316058730e-07 4.198900826454788266e-07 5.845293931906937736e-07 8.128296558929288708e-07 1.128369330896848427e-06 1.562242558548544102e-06 2.154332215373893402e-06 2.953887302490512223e-06 4.018608716373147459e-06 5.411238961891209259e-06 7.192765810610961735e-06 9.412119822109117504e-06 1.209407280473199824e-05 1.522933639724226395e-05 1.877214603552464166e-05 2.264827007125364065e-05 2.677070473351406799e-05 3.105507257364770039e-05 3.542763237685802994e-05 3.982483528323275496e-05 4.418839100209720006e-05 4.846100366326681549e-05 5.258535124731100719e-05 5.650651765303801286e-05 6.017653449354294583e-05 6.355882228938995726e-05 7.215890943245708514e-05 9.636683570264000247e-05 1.272242382802016140e-04 1.660758441232570634e-04 2.143697157403746630e-04 2.735789413228791435e-04 3.450708432177998931e-04 4.299116980494664805e-04 5.285999309103643498e-04 6.407386681971468821e-04 7.646849153716112589e-04 8.972573491320765936e-04 1.033634656247009714e-03 1.167600352277999064e-03 1.292247200480481015e-03 1.401082659752629156e-03 1.489230481004977409e-03 1.554257869189788581e-03 1.596285404158997523e-03 1.617409218386231615e-03 1.620800460335037382e-03 1.609886357038278759e-03 1.587824026790298979e-03 1.557270591148191084e-03 1.520352038790259621e-03 1.478729674304786728e-03 1.433695673865343105e-03 1.386265560900990824e-03 1.337253228207081323e-03 1.350555559722086199e-03 1.721714995880703914e-03 2.181900623370500256e-03 2.749212066571166992e-03 3.444728690895255269e-03
1.035435416118116732e-12 1.543049805708205042e-12 2.284503640945975351e-12 3.360496656123869454e-12 4.912017667822593989e-12 7.135185178229101525e-12 1.030108430328720285e-11 1.478211586617046782e-11 2.108671586632154421e-11 2.990507260246936254e-11 4.216876531474700461e-11 5.912848855550185148e-11 8.245499296732300896e-11 1.143693471323134256e-10 1.578115440097555437e-10 2.166560925627381285e-10 2.959871861626628392e-10 4.024443641438311672e-10 5.446551443286060781e-10 7.337615890021836155e-10 9.840510154736829113e-10 1.313688840011408725e-09 1.745529866286690390e-09 2.307979860724771023e-09 3.035804246920380432e-09 3.970753464563725291e-09 5.161771434623147612e-09 1.688700296395256929e-08 2.278798209289467526e-08 3.052471121771791519e-08 4.054614451214622017e-08 5.334240052600161432e-08 6.940595927015844844e-08 8.916679603704017652e-08 1.129010073530023160e-07 1.406266231094076341e-07 1.720238609639940632e-07 2.064394528897044405e-07 2.430317678194444792e-07 2.810500013880572350e-07 3.201413318535936583e-07 4.356564708363247347e-07 6.059505851126245720e-07 8.419231170188709829e-07 1.167926798360803724e-06 1.616177843076288731e-06 2.228202537600808833e-06 3.055659900741767122e-06 4.159742651867974975e-06 5.608106040649863613e-06 7.468301664871889374e-06 9.797339194392165954e-06 1.262874480532765236e-05 1.596091483453253318e-05 1.975239744825088526e-05 2.392814782972539164e-05 2.839529673172344656e-05 3.306063233943798505e-05 3.784135359976300797e-05 4.266635488810841697e-05 4.747140557461009680e-05 5.219396393469570816e-05 5.677107750323598205e-05 6.114118599954197037e-05 6.524870693687033973e-05 6.904909896223347741e-05 7.506807585824188203e-05 1.004280038131293858e-04 1.328057366748263107e-04 1.736352408544059728e-04 2.244701177272089194e-04 2.869071312646545645e-04 3.624559805807635315e-04 4.523419824929220730e-04 5.572324803908599656e-04 6.768948039906091561e-04 8.098188512774887309e-04 9.528821947101259000e-04 1.101188993375011929e-03 1.248247829365059557e-03 1.386628593750356382e-03 1.509082648022964414e-03 1.609855974626981647e-03 1.685708105485216003e-03 1.736211635625667859e-03 1.763266051977630628e-03 1.770160533233730614e-03 1.760638974553807795e-03 1.738250922024435529e-03 1.706035677121903096e-03 1.666448633784300493e-03 1.621416298740179602e-03 1.572436624036444019e-03 1.520682288622796216e-03 1.467086898407338798e-03 1.414802000808841869e-03 1.803610601386043157e-03 2.285673199585401376e-03 2.879946259904601728e-03 3.608505923718276481e-03
1.084738668844156539e-12 1.616523772997171595e-12 2.393283095451645871e-12 3.520511648815663614e-12 5.145912349661526796e-12 7.474943719982733757e-12 1.079160227260870393e-11 1.548602803543363627e-11 2.209088073785542240e-11 3.132924060999767752e-11 4.417709981172849932e-11 6.194481238525662422e-11 8.638288756198660750e-11 1.198185395304153728e-10 1.653324785982730685e-10 2.269850518573215770e-10 3.101050226535100731e-10 4.216525946463630381e-10 5.706742332697878644e-10 7.688570678538641294e-10 1.031194386072716589e-09 1.376761445943932023e-09 1.829578924281222722e-09 2.419537864865399520e-09 3.183283166476510081e-09 4.164926509036714235e-09 5.416354666090605185e-09 6.996753316688146011e-09 2.383163335919327144e-08 3.195011459748125326e-08 4.248463026161294911e-08 5.596616256926087844e-08 7.293783054323280807e-08 9.388970908404501004e-08 1.191641238154601949e-07 1.488426707727820909e-07 1.826500575368873132e-07 2.199356998337727373e-07 2.597994259612772198e-07 3.013721630144793029e-07 3.441573697497042735e-07 4.520917986998327338e-07 6.282692682993408003e-07 8.722112780003685950e-07 1.209060891625953223e-06 1.672174544294055578e-06 2.304743128198088284e-06 3.160864104468802568e-06 4.305270015741031286e-06 5.810625938097796486e-06 7.751252565750629158e-06 1.019264892383911759e-05 1.317782689103313137e-05 1.671397853416410230e-05 2.076532473316814947e-05 2.525722238817698805e-05 3.009151162081058768e-05 3.516585070164943676e-05 4.038744958878291475e-05 4.567657947551173164e-05 5.096224877696819386e-05 5.617619012948070749e-05 6.124955139674401509e-05 6.611385452209253989e-05 7.070543578042111561e-05 7.497103196163700217e-05 7.887263205573962844e-05 1.046076465242228807e-04 1.385672126970371239e-04 1.814596071915913571e-04 2.349496893969919159e-04 3.007645604855529032e-04 3.805642471188968624e-04 4.757428146567461145e-04 5.871485990903507974e-04 7.147283385031021541e-04 8.571239823019896403e-04 1.011295550962009685e-03 1.172299501171103660e-03 1.333394702479434981e-03 1.486640745615064275e-03 1.624016105070382777e-03 1.738828283368781986e-03 1.826925974781480437e-03 1.887213062203341651e-03 1.921290864244105511e-03 1.932510330584724439e-03 1.924924180078303347e-03 1.902501013227958244e-03 1.868705282326305799e-03 1.826367336855181517e-03 1.777719596923434814e-03 1.724499050544340412e-03 1.668061395431770207e-03 1.609479546878655239e-03 1.549622349369893974e-03 1.889402577184213930e-03 2.394383640896415293e-03 3.016901909411020231e-03 3.780077751180973503e-03
1.136389533063765856e-12 1.693496258549187553e-12 2.507242165572136844e-12 3.688145875843720825e-12 5.390944102854961370e-12 7.830880120485424641e-12 1.130547662434874358e-11 1.622345751269535700e-11 2.314285967615956910e-11 3.282122145074970533e-11 4.628106267185676641e-11 6.489523760636826389e-11 9.049781184880025161e-11 1.255271994214261078e-10 1.732115284078066259e-10 2.378058330205458699e-10 3.248950924009482152e-10 4.417754443170353538e-10 5.979322530967851451e-10 8.056236757398169896e-10 1.080582602244445618e-09 1.442837495101635331e-09 1.917630512621601012e-09 2.536408918819031012e-09 3.337787087089400377e-09 4.368351519637839508e-09 5.683074540378504056e-09 7.344952993424421688e-09 2.491815572880513565e-08 3.343441314724408102e-08 4.450381128211369535e-08 5.870024515785731992e-08 7.662029617170766919e-08 9.881808371568479402e-08 1.257077183258675898e-07 1.574420764082749353e-07 1.938004175973693563e-07 2.341460835836598787e-07 2.775290398369191942e-07 3.229621493826871975e-07 3.697928657729918862e-07 4.692243740486222854e-07 6.515242431002850872e-07 9.037471191070391905e-07 1.251843614071883291e-06 1.730329868522943009e-06 2.384083856553979938e-06 3.269670499083330716e-06 4.455408730812180774e-06 6.019064792060733823e-06 8.041920948224122589e-06 1.059835563748150429e-05 1.374157940960382525e-05 1.748870264706114299e-05 2.181106469088839683e-05 2.663582424116082631e-05 3.186034409420433885e-05 3.737303566790719535e-05 4.307022107390063345e-05 4.886237716899928724e-05 5.467077787747513741e-05 6.042083060720697743e-05 6.603746182312399138e-05 7.144500928195259828e-05 7.657129721767201927e-05 8.135360692491453295e-05 8.574449272039062222e-05 1.089049638549987844e-04 1.445089114207523796e-04 1.895513426876940734e-04 2.458144862169470363e-04 3.151628327677225808e-04 3.994150740451142480e-04 5.001441234405131289e-04 6.183917949400936052e-04 7.542998982641650318e-04 9.066821660760631839e-04 1.072605485991391140e-03 1.247107004423497929e-03 1.423224064162289257e-03 1.592523591939210090e-03 1.746201225415337614e-03 1.876571161156194564e-03 1.978468178686974225e-03 2.049997621924936481e-03 2.092344817620052280e-03 2.108849214936033695e-03 2.103852758794339667e-03 2.081765211267061315e-03 2.046520380025537971e-03 2.001373471366146069e-03 1.948908828148201555e-03 1.891140728107984417e-03 1.829637929008784457e-03 1.765635528958619735e-03 1.700126062724866471e-03 1.979275983892660011e-03 2.508266573363297260e-03 3.160374734899457343e-03 3.959814775215269450e-03
1.190499792065467794e-12 1.774133846944991005e-12 2.626627482604089459e-12 3.863762132786573923e-12 5.647643227439083601e-12 8.203764700659280780e-12 1.184381949023625169e-11 1.699600024980014785e-11 2.424492938399502836e-11 3.438424408376245028e-11 4.848520731143932748e-11 6.798614955698632666e-11 9.480867138579764064e-11 1.315076815410372470e-10 1.814657453524230019e-10 2.491418544892771540e-10 3.403894042137131670e-10 4.628564632172967525e-10 6.264881958737426074e-10 8.441409833003696475e-10 1.132322550433335170e-09 1.512059989895830462e-09 2.009875193393352093e-09 2.658845956051931011e-09 3.499650387721912216e-09 4.581468751198375756e-09 5.962508297228627099e-09 7.709763919378310643e-09 2.604915343577079341e-08 3.497981067810696153e-08 4.660670370157224028e-08 6.154875754073971510e-08 8.045892504194330993e-08 1.039594235270757248e-07 1.325418526890933467e-07 1.664383291008975061e-07 2.054932234911243017e-07 2.490960864856181403e-07 2.962575586693865434e-07 3.458750468927785497e-07 3.971293853338893258e-07 4.870834888974056705e-07 6.757556657876528228e-07 9.365854870290060461e-07 1.296349544709980817e-06 1.790744604352934361e-06 2.466359649009655184e-06 3.382256967316916599e-06 4.610387517438544822e-06 6.233705006482446967e-06 8.340633616428809791e-06 1.101480068010487105e-05 1.432030632807797532e-05 1.828530384774889079e-05 2.288976878431099921e-05 2.806424037851821846e-05 3.370267264725015894e-05 3.968433269659020208e-05 4.589382795865187072e-05 5.223058242564852848e-05 5.860699831301726921e-05 6.494141367505592134e-05 7.115213619152611403e-05 7.715604719442216235e-05 8.287206390260106761e-05 8.822731525485314114e-05 9.316386765600890533e-05 1.133188524540068532e-04 1.506306041439669629e-04 1.979122062997145737e-04 2.570698030956771601e-04 3.301127647746763942e-04 4.190272155966737449e-04 5.255754446415067957e-04 6.510056706299922587e-04 7.956709186500900838e-04 9.585770164576977882e-04 1.136922977679765334e-03 1.325756506369883507e-03 1.517924406912639357e-03 1.704523522402871718e-03 1.875963809966927753e-03 2.023518311382675045e-03 2.140906745651276546e-03 2.225298532959350817e-03 2.277328808769767208e-03 2.300233333123522742e-03 2.298609262935531056e-03 2.277322939472171091e-03 2.240821845404360278e-03 2.192840112477476705e-03 2.136365687429122185e-03 2.073733977472391136e-03 2.006761624525765439e-03 1.936872583997842128e-03 1.865203153576267545e-03 2.073424623896604445e-03 2.627567720849507179e-03 3.310674458954737057e-03 4.148105162025939562e-03
1.247186551783220745e-12 1.858611054815539064e-12 2.751697421379001325e-12 4.047740490007344941e-12 5.916565274085523762e-12 8.594404460837053912e-12 1.240779595698976158e-11 1.780532819104138738e-11 2.539947497103981048e-11 3.602169121739129391e-11 5.079430396113771999e-11 7.122423761796824110e-11 9.932479577593321422e-11 1.377729289051768845e-10 1.901129932864488905e-10 2.610176497883209345e-10 3.566214910278751787e-10 4.849412750874995534e-10 6.564038626419204309e-10 8.844923500566263420e-10 1.186526206724475728e-09 1.584578742305046614e-09 2.106512603411475652e-09 2.787113955980369338e-09 3.669223374560958703e-09 4.804739434479353250e-09 6.255260691614692269e-09 8.091975629028840931e-09 2.722628388197147736e-08 3.658858394185832576e-08 4.879642382685921136e-08 6.451594664554152678e-08 8.445947512353307636e-08 1.093214905513578005e-07 1.396769365488961368e-07 1.758453685590335218e-07 2.177472973230752435e-07 2.648117586884391815e-07 3.160224600010639497e-07 3.701665503778092696e-07 4.262497765716665893e-07 5.056994453925947753e-07 7.010050843315314052e-07 9.707831433741850969e-07 1.342655902081116101e-06 1.853523203063292752e-06 2.551710582939103011e-06 3.498808787476374792e-06 4.770445982578522055e-06 6.454845341385112483e-06 8.647741966689384229e-06 1.144236096074394371e-05 1.491435788451363823e-05 1.910404660789538471e-05 2.400161400338290968e-05 2.954272686680356228e-05 3.561926586090431512e-05 4.210171579293509910e-05 4.886226259192112215e-05 5.578795775112325506e-05 6.278102531312802542e-05 6.975182028940720390e-05 7.661153173710813665e-05 8.326928909385019587e-05 8.963473928080394884e-05 9.562420724500619515e-05 1.011682319873444865e-04 1.178479180587004569e-04 1.569315846891765700e-04 2.065432836971423612e-04 2.687201021398313849e-04 3.456242692264802443e-04 4.394185896357115807e-04 5.520657277929243633e-04 6.850337111955379392e-04 8.389034315842789497e-04 1.012893716031485142e-03 1.204361783149174563e-03 1.408397156000767243e-03 1.617689727554922187e-03 1.822893618099639523e-03 2.013637517936917292e-03 2.180113397949294193e-03 2.314828574416975468e-03 2.413873481209334940e-03 2.477182889053659333e-03 2.507776097373260685e-03 2.510454219882327694e-03 2.490546341290404090e-03 2.453056560454159544e-03 2.402255760532469309e-03 2.341593141255888817e-03 2.273775275768019546e-03 2.200906963620647989e-03 2.124632088674674370e-03 2.046254165699517864e-03 2.172051447106476338e-03 2.752544422389795013e-03 3.468125462042468375e-03 4.345355466183705752e-03
1.306572494238175483e-12 1.947110708532535000e-12 2.882722659440456805e-12 4.240479115205585417e-12 6.198292246429326982e-12 9.003644827279812511e-12 1.299862658780898868e-11 1.865319289159879470e-11 2.660899511576546532e-11 3.773710663019902706e-11 5.321334998974549813e-11 7.461650969010009050e-11 1.040559588582958709e-10 1.443365008214058950e-10 1.991719866655918540e-10 2.734589206261062423e-10 3.736264824791334661e-10 5.080776760862259219e-10 6.877439971700863720e-10 9.267651048179253532e-10 1.243310879183281684e-09 1.660550698099536242e-09 2.207751886276412035e-09 2.921490517442039754e-09 3.846873039155530352e-09 5.038646774380243997e-09 6.561965302594538831e-09 8.492415314846901937e-09 2.845125912198100063e-08 3.826308456144542969e-08 5.107619067036387208e-08 6.760620041825585730e-08 8.862789797277889406e-08 1.149123116125609861e-07 1.471237371502943365e-07 1.856776017582807940e-07 2.305820303573613965e-07 2.813197635567409599e-07 3.368617939586325615e-07 3.958929493874523886e-07 4.572380291681562965e-07 5.251035818799913470e-07 7.273154744424953291e-07 1.006398813697807600e-06 1.390842609214314337e-06 1.918773861097686297e-06 2.640281984541376687e-06 3.619518737501847459e-06 4.935834715014772325e-06 6.682800999511477156e-06 8.963622166755673006e-06 1.188144964819660817e-05 1.552413290630694090e-05 1.994524903568359472e-05 2.514681372666083094e-05 3.107152278783542978e-05 3.761079176105899249e-05 4.462698212623780151e-05 5.197932468676323903e-05 5.954115366691773684e-05 6.720304064133372302e-05 7.486625026572495730e-05 8.243422053711170201e-05 8.980798814576404173e-05 9.688758974604297120e-05 1.035779456082468305e-04 1.097970579662377051e-04 1.224904926660423763e-04 1.634106726576196368e-04 2.154449622104651063e-04 2.807689460630014640e-04 3.617062387503304824e-04 4.606061115314605140e-04 5.796431275928960129e-04 7.205190474061075540e-04 8.840598210627635418e-04 1.069718789729554422e-03 1.275038264099694193e-03 1.495182168402390188e-03 1.722719588506596913e-03 1.947893866344543650e-03 2.159564140370726863e-03 2.346810127145525400e-03 2.500835043239786615e-03 2.616503766507716731e-03 2.692885473649996291e-03 2.732648332672726020e-03 2.740726015417271812e-03 2.722904304900428639e-03 2.684783555616419241e-03 2.631232286866257153e-03 2.566224745511508191e-03 2.492895514393071721e-03 2.413683999469959287e-03 2.330490153714997494e-03 2.244812101088811043e-03 2.275368974548318182e-03 2.883466172562438624e-03 3.633067467041014176e-03 4.551991492118165686e-03
1.368786143048283726e-12 2.039824339883013000e-12 3.019986762847064152e-12 4.442395135135635641e-12 6.493433860646808807e-12 9.432371481856593568e-12 1.361759006392944239e-11 1.954142930827099416e-11 2.787610747310108837e-11 3.953420284043542623e-11 5.574758071954159655e-11 7.817030736066275678e-11 1.090123998607452904e-10 1.512126022341015775e-10 2.086623310489446271e-10 2.864925925185700284e-10 3.914411809307107743e-10 5.323157382311931929e-10 7.205764260736036161e-10 9.710507346796897539e-10 1.302799461734736465e-09 1.740140276504846298e-09 2.313812145004726755e-09 3.062266459478548612e-09 4.032983852665137316e-09 5.283696995703267113e-09 6.883285904539115204e-09 8.911949617637035314e-09 2.972584739808519132e-08 4.000574101640303905e-08 5.344932853410003589e-08 7.082405121764533995e-08 9.297034327238054847e-08 1.207401846489896168e-07 1.548933888880968802e-07 1.959499190058620255e-07 2.440174116280828871e-07 2.986474239543593934e-07 3.588142348846316557e-07 4.231111315120074431e-07 4.901791491845396232e-07 5.592238880961975544e-07 7.547312758117123105e-07 1.043493236959433235e-06 1.440992359489894391e-06 1.986608604370555783e-06 2.732224530073219339e-06 3.744587204670179526e-06 5.106815387313050652e-06 6.917903712687135354e-06 9.288675300125639843e-06 1.233251673251268639e-05 1.615008080686907593e-05 2.080928823292046525e-05 2.632562839260214351e-05 3.265086525134438969e-05 3.967783017383614847e-05 4.726175060388674442e-05 5.524859872609286417e-05 6.349666767648410454e-05 7.188324467771302980e-05 8.029918160408264075e-05 8.863936738936830663e-05 9.679633257443736292e-05 1.046601736603058256e-04 1.121238587555381397e-04 1.190918892525214879e-04 1.272446561605055585e-04 1.700662239176685810e-04 2.246169145323586344e-04 2.932189391752492184e-04 3.783664327611621267e-04 4.826055234828414845e-04 6.083347812565672317e-04 7.575041950008185422e-04 9.312025450537227567e-04 1.129139836640006981e-03 1.349071163715231340e-03 1.586268692342350387e-03 1.833219127849675806e-03 2.079791341128142765e-03 2.314093881967009981e-03 2.524072394585212629e-03 2.699541698891843016e-03 2.833993438341150632e-03 2.925452361972881617e-03 2.976078078765073513e-03 2.990842402940779333e-03 2.975966236423603379e-03 2.937680124407787696e-03 2.881513109537543142e-03 2.812034430926031118e-03 2.732870916983075067e-03 2.646849983283682071e-03 2.556169616696045855e-03 2.462554518859402970e-03 2.383599740280526683e-03 3.020615185677137660e-03 3.805856254416231394e-03 4.768459194567415196e-03
1.433962141580307582e-12 2.136952600584218909e-12 3.163786799868756530e-12 4.653925538356218762e-12 6.802628865008956144e-12 9.881512278845294953e-12 1.426602595195622200e-11 2.047195977070601437e-11 2.920355433958643423e-11 4.141686914070380310e-11 5.840248075662342155e-11 8.189332179216322554e-11 1.142048455597444116e-10 1.584161144669300398e-10 2.186045655295189891e-10 3.001468730616082471e-10 4.101041411213694103e-10 5.577079177655784418e-10 7.549722056054190008e-10 1.017445083020645263e-09 1.365120700131567370e-09 1.823519726039439750e-09 2.424922916213977914e-09 3.209746450729046501e-09 4.227958597937437463e-09 5.540420438736405181e-09 7.219917903706175885e-09 9.351486502237364796e-09 1.203155975683062184e-08 4.181906068800649980e-08 5.591926965653028330e-08 7.417417926997552644e-08 9.749316341423984215e-08 1.268136850187737528e-07 1.629974026627550693e-07 2.066777094377296296e-07 2.580740556281217551e-07 3.168227687696513355e-07 3.819191391212794693e-07 4.518786025773592610e-07 5.251590537778746970e-07 6.007231675802014708e-07 7.832984284746461299e-07 1.082129215297177672e-06 1.493190683242285868e-06 2.057143374166304086e-06 2.827694350216393295e-06 3.874222300698807374e-06 5.283660864864280480e-06 7.160501830411975183e-06 9.623327483479061190e-06 1.279604946940934874e-05 1.679270327785325196e-05 2.169660513896073075e-05 2.753837581284256271e-05 3.428100517560926902e-05 4.182088790110336570e-05 5.000746473991192953e-05 5.867343471295735500e-05 6.766080312527881829e-05 7.683180424807548199e-05 8.606532265389719495e-05 9.524669972681264077e-05 1.042594415991130228e-04 1.129833661335036819e-04 1.212989929894268666e-04 1.290964169823487543e-04 1.362848681442649704e-04 1.768961484034990521e-04 2.340580921126903197e-04 3.060716778757314495e-04 3.956113699666090832e-04 5.054312219053343647e-04 6.381665737088601650e-04 7.960307703834454927e-04 9.803938227397261500e-04 1.191245217265746907e-03 1.426581330793083580e-03 1.681817619109434022e-03 1.949399009890047862e-03 2.218860337242248466e-03 2.477585636235140991e-03 2.712374487358934494e-03 2.911578034749135162e-03 3.067168451963973516e-03 3.175935599075030858e-03 3.239350044314266448e-03 3.262301593514737360e-03 3.251405509596270744e-03 3.213547837818977147e-03 3.154981545268587071e-03 3.080946731725829439e-03 2.995634623371812126e-03 2.902321824325874294e-03 2.803552983374232258e-03 2.701316653708502307e-03 2.597189071782276485e-03 3.164286984672861139e-03 3.986864409103992556e-03 4.995225619426429259e-03
1.502241544346283677e-12 2.238705696535972574e-12 3.314433983904788234e-12 4.875528120965275156e-12 7.126546422266586228e-12 1.035203925300383324e-11 1.494533760296690706e-11 2.144679814172562428e-11 3.059420858827635701e-11 4.338918001520528239e-11 6.118379586074420485e-11 8.579361036762237875e-11 1.196445334953516421e-10 1.659626274291500251e-10 2.290202071851470847e-10 3.144513129782262918e-10 4.296557536059480203e-10 5.843091686843251322e-10 7.910057754366899852e-10 1.066048556927986295e-09 1.430409470587046506e-09 1.910869497296620197e-09 2.541324666888134116e-09 3.364249668797342066e-09 4.432219241216116955e-09 5.809372707026697266e-09 7.572589843268703780e-09 9.811977222639575818e-09 1.263019568775383665e-08 4.370563196944770314e-08 5.848955692796713766e-08 7.766141619043270997e-08 1.022029181329723795e-07 1.331416717995497755e-07 1.714476750655100046e-07 2.178768759695914771e-07 2.727732289840186459e-07 3.358745791311479539e-07 4.062166076740729695e-07 4.822535230151970302e-07 5.622644889666110582e-07 6.449533179952094269e-07 8.130644092204131751e-07 1.122371664003364374e-06 1.547526014929639552e-06 2.130498114378804477e-06 2.926853137243314903e-06 4.008639981926553371e-06 5.466655322148997365e-06 7.410960412690167351e-06 9.968029964349081718e-06 1.327257272410842820e-05 1.745255569814967793e-05 2.260770884639421558e-05 2.878544098331686215e-05 3.596222352019001317e-05 4.404041645095304626e-05 5.286540003630767806e-05 6.225693310590768082e-05 7.203962898552968203e-05 8.205879680702878412e-05 9.217955699239189235e-05 1.022764687854663590e-04 1.122233534125710174e-04 1.218893783206735605e-04 1.311421625858484022e-04 1.398565570695630019e-04 1.479252006926178292e-04 1.838979350838346139e-04 2.437667289636807563e-04 3.193277124867967753e-04 4.134462292665227979e-04 5.290960859587489663e-04 6.691628931731537656e-04 8.361391840581401062e-04 1.031695286621939732e-03 1.256123693817681741e-03 1.507691386807929459e-03 1.781993326467370877e-03 2.071475307672710799e-03 2.365382445770496545e-03 2.650407237694071480e-03 2.912201327727226112e-03 3.137587361784457268e-03 3.316875873930823487e-03 3.445422213710193273e-03 3.523804720973949985e-03 3.556682887959540778e-03 3.551002517633565937e-03 3.514318376042367166e-03 3.453669271798426570e-03 3.375047421884378503e-03 3.283288937209179279e-03 3.182189411006263076e-03 3.074696368855990482e-03 2.963105622683876849e-03 2.849226245711932413e-03 3.314791015527004687e-03 4.176482100357381717e-03 5.232779886663814321e-03
1.573772122275023394e-12 2.345303842750256618e-12 3.472254347014695435e-12 5.107682477366569909e-12 7.465887557858633052e-12 1.084497072325689053e-11 1.565699518965716433e-11 2.246805417574610698e-11 3.205107988623970988e-11 4.545540395777582271e-11 6.409754538033997370e-11 8.987961412843903582e-11 1.253432362916106188e-10 1.738684733554403173e-10 2.399317976459437787e-10 3.294368700724903522e-10 4.501383321689781641e-10 6.121770616660943510e-10 8.287551197598194399e-10 1.116966344499332467e-09 1.498807071675358682e-09 2.002378633477402945e-09 2.663269314798544293e-09 3.526110491019341956e-09 4.646207845365364065e-09 6.091135869827647537e-09 7.942064980055338826e-09 1.029441838078331763e-08 1.325738968418927243e-08 4.566812644688705514e-08 6.116384668111846438e-08 8.129074857843299837e-08 1.071063791985343896e-07 1.397332940947017832e-07 1.802564974153868359e-07 2.295638497300846285e-07 2.881368760606994743e-07 3.558324338445390857e-07 4.317475524786411118e-07 5.142947592504474591e-07 6.015829727946168002e-07 6.920446449222960131e-07 8.440782679646338753e-07 1.164287661579892987e-06 1.604089760688810940e-06 2.206796859824636472e-06 3.029868254615512404e-06 4.148064174175688181e-06 5.656094366173142046e-06 7.669661328639910445e-06 1.032325920524546088e-05 1.376264923027702490e-05 1.813024828360106007e-05 2.354318038753843117e-05 3.006728527532497790e-05 3.769484765802357483e-05 4.633683197981896650e-05 5.583667595992017080e-05 6.600193472416029006e-05 7.663894171006734144e-05 8.757415179888735583e-05 9.865688107884373968e-05 1.097494013215555866e-04 1.207150039966868100e-04 1.314117698631018767e-04 1.416939965415923563e-04 1.514205279599960177e-04 1.604660861561158836e-04 1.910686837433661731e-04 2.537403563208362467e-04 3.329865220995804876e-04 4.318747619091582745e-04 5.536113107071359866e-04 7.013463803822741170e-04 8.778683138593410418e-04 1.085167599698967948e-03 1.323864021597796585e-03 1.592525331798025053e-03 1.886963351498352742e-03 2.199669308714287657e-03 2.519646558345391141e-03 2.832935673744168929e-03 3.124048741168249967e-03 3.378226770321922368e-03 3.583983162482042364e-03 3.735032873192442940e-03 3.830837175874331289e-03 3.875646820829545345e-03 3.876647253123810533e-03 3.842059086640509970e-03 3.779764821936737549e-03 3.696594510492894579e-03 3.598118224906230768e-03 3.488729814489435407e-03 3.371844487787174945e-03 3.250115790063085302e-03 3.125623876741050969e-03 3.472451288077469094e-03 4.375117895674954759e-03 5.481634216848102828e-03
1.648708682519346208e-12 2.456977739942610837e-12 3.637589445519949552e-12 5.350891038212416397e-12 7.821386677077999026e-12 1.136137349655128984e-11 1.640253888810228146e-11 2.353793808472859707e-11 3.357732120810903253e-11 4.762001270980069793e-11 6.715003527966008091e-11 9.416017604257081071e-11 1.313132871349738531e-10 1.821507621522762472e-10 2.513629518791146327e-10 3.451359762286987021e-10 4.715962054005750898e-10 6.413719086682679147e-10 8.683019360625761833e-10 1.170308642491802191e-09 1.570461530131303926e-09 2.098245179519604831e-09 2.791020773706790776e-09 3.695679218125856515e-09 4.870387526587521524e-09 6.386319721823292104e-09 8.329142936415710509e-09 1.079985408348242796e-08 1.391449913750839900e-08 4.770930115783084587e-08 6.394591156411739532e-08 8.506732169496680612e-08 1.122105351773492889e-07 1.465979973592784371e-07 1.894365646711415373e-07 2.417556040096969429e-07 3.041876434707406243e-07 3.767267536661323190e-07 4.585537650372371953e-07 5.480619485686009597e-07 6.432027653394689018e-07 7.421289615983972039e-07 8.763906639994698645e-07 1.207946499745750590e-06 1.662976366085915219e-06 2.286167825349934180e-06 3.136912848622656888e-06 4.292726901834663368e-06 5.852285166852774603e-06 7.937003361991143112e-06 1.068951695954025974e-05 1.426687977867795401e-05 1.882644700297618080e-05 2.450367600280656732e-05 3.138445491600502237e-05 3.947926758911017781e-05 4.871053704033882786e-05 5.892227245302547524e-05 6.991101631158424677e-05 8.146423038093476583e-05 9.338759024404766752e-05 1.055123349712637959e-04 1.176866412917226850e-04 1.297621955570228680e-04 1.415854529793703564e-04 1.529969805665824095e-04 1.638389278151369474e-04 1.739668473357224552e-04 1.984051430134965211e-04 2.639758283001140504e-04 3.470465038478842018e-04 4.508992177561710530e-04 5.789862487508649338e-04 7.347376753188550455e-04 9.212551608916843627e-04 1.140870038775669950e-03 1.394554490169442251e-03 1.681208085291871447e-03 1.996897986128902142e-03 2.334207235044898510e-03 2.681948787326613598e-03 3.025557237993757847e-03 3.348423728497319438e-03 3.634167174211990967e-03 3.869377542918340292e-03 4.045920497665761624e-03 4.161895551737928439e-03 4.220934796907644879e-03 4.230341344361706127e-03 4.198978170978818689e-03 4.135622017260217817e-03 4.048029533388446989e-03 3.942602441600455768e-03 3.824422388465498982e-03 3.697446739136794804e-03 3.564745360424808295e-03 3.428714123439445104e-03 3.637607044054360153e-03 4.583199610002581040e-03 5.742325002859811726e-03
1.727213403491201616e-12 2.573969073816835323e-12 3.810797099203411964e-12 5.605680157768904230e-12 8.193813154478532340e-12 1.190236517664980844e-11 1.718358221102099484e-11 2.465876532154100460e-11 3.517623565977852680e-11 4.988769093800002138e-11 7.034787178619555823e-11 9.864456014257037235e-11 1.375676064659029892e-10 1.908274184273525988e-10 2.633384092966931917e-10 3.615826076007758176e-10 4.940758126327971502e-10 6.719568934546647433e-10 9.097318119385833981e-10 1.226190894810886285e-09 1.645527921211181264e-09 2.198676610708601476e-09 2.924855524529437619e-09 3.873322832367007941e-09 5.105243456704490673e-09 6.695563102855479320e-09 8.734661430786244341e-09 1.132937820215260340e-08 1.460294618079660125e-08 4.983200093391201730e-08 6.683964350419253398e-08 8.899644323113857952e-08 1.175225962724290792e-07 1.537455297595925362e-07 1.990009842418510588e-07 2.544696677630531623e-07 3.209489034888431648e-07 3.985888441099175728e-07 4.866779862722215803e-07 5.836155756410599155e-07 6.872128660754443158e-07 7.953393769631998497e-07 9.100539020303802588e-07 1.253419733263106480e-06 1.724283383864007192e-06 2.368743495437277152e-06 3.248165961644380064e-06 4.442868420641418728e-06 6.055546593969904195e-06 8.213402324180697075e-06 1.106733034354961973e-05 1.478590334887740081e-05 1.954187428632790947e-05 2.548992991184215263e-05 3.273758869475000663e-05 4.131595172298874121e-05 5.116194368487420849e-05 6.212305076961636334e-05 7.398649231448631671e-05 8.652064641806988794e-05 9.950856381887309646e-05 1.127609266519889449e-04 1.261096810740239282e-04 1.393935533791277573e-04 1.524466866075785290e-04 1.650954927033311548e-04 1.771648098447720803e-04 1.884898575428086722e-04 2.059037539057925411e-04 2.744693583669175797e-04 3.615049776936750565e-04 4.705202883822939440e-04 6.052282644238419530e-04 7.693551660505580647e-04 9.663344920308689643e-04 1.198860045951943365e-03 1.468282413846135970e-03 1.773864959010850112e-03 2.111969789285776059e-03 2.475319868545436657e-03 2.852592288841963083e-03 3.228667606176756529e-03 3.585844719123739213e-03 3.906093422925604932e-03 4.173965491355667926e-03 4.379268876548185994e-03 4.518479313875442722e-03 4.594368213601120882e-03 4.614199482079753972e-03 4.587429395277571598e-03 4.523768235950851799e-03 4.431989062178028245e-03 4.319431245828292062e-03 4.191964768817472639e-03 4.054174426042524843e-03 3.909614269063428280e-03 3.761047919641418141e-03 3.810613453127004255e-03 4.801175191392182892e-03 6.015413928475830778e-03
1.809456185849696389e-12 2.696531038123432674e-12 3.992252165706243854e-12 5.872601253056693031e-12 8.583972998962573684e-12 1.246911658285966473e-11 1.800181549975473484e-11 2.583296159108266012e-11 3.685128362701646049e-11 5.226334637302802018e-11 7.369797568793781250e-11 1.033424715748907068e-10 1.441197299414060941e-10 1.999172202821864014e-10 2.758840872968076763e-10 3.788123581437810891e-10 5.176258044440805793e-10 7.039982083384306578e-10 9.531344103167818389e-10 1.284734042355227609e-09 1.724168704308098339e-09 2.303890281697281972e-09 3.065063213700633791e-09 4.059425791738807653e-09 5.351283913171876582e-09 7.019535280510243469e-09 9.159498090701619177e-09 1.188413674023171710e-08 1.532422076685586185e-08 5.203916083581231341e-08 6.984905677099990523e-08 9.308358717815294475e-08 1.230499992542291071e-07 1.611859485816083918e-07 2.089632847205507990e-07 2.677241387052035734e-07 3.384447763935812363e-07 4.214509365625127398e-07 5.161639765532975990e-07 6.210170587011601162e-07 7.337030381873349627e-07 8.518101164843438149e-07 9.736745138242450831e-07 1.300781229442304607e-06 1.788111541480716099e-06 2.454660714005656467e-06 3.363812646592882207e-06 4.598737353592697737e-06 6.266209360181228946e-06 8.499291175389785030e-06 1.145725190840720856e-05 1.532039719598241251e-05 2.027730955162327929e-05 2.650275661592090484e-05 3.412742485774580007e-05 4.320546198996158993e-05 5.369149745028723889e-05 6.543977828993970613e-05 7.823042326002146117e-05 9.181297910285701248e-05 1.059461949019535631e-04 1.204175507993067543e-04 1.350402820211351316e-04 1.496384699706906256e-04 1.640330589170025494e-04 1.780358307644005762e-04 1.914537542415986864e-04 2.041006520574102374e-04 2.158124074832731300e-04 2.852165661050069757e-04 3.763582074050021665e-04 4.907370694842478785e-04 6.323426047764840307e-04 8.052147448245650400e-04 1.013138473815909917e-03 1.259192751479643610e-03 1.545133572070214300e-03 1.870621058817854062e-03 2.232353009964422371e-03 2.623242072565381243e-03 3.031886975469392023e-03 3.442671815308263623e-03 3.836841780320794648e-03 4.194704461163349316e-03 4.498672332294209944e-03 4.736291327528526982e-03 4.902137291894450438e-03 4.997847076812185659e-03 5.030450179176975019e-03 5.009916219580357044e-03 4.946912396252067107e-03 4.851316334569915657e-03 4.731518648340046242e-03 4.594289764813507329e-03 4.444939144157024173e-03 4.287583436761941043e-03 4.125414600748870779e-03 3.991842337755881209e-03 5.029513644232389870e-03 6.301489135335017894e-03
1.895615020201732375e-12 2.824928882623955601e-12 4.182347351798398826e-12 6.152231997233018926e-12 8.992710598153166106e-12 1.306285428393084316e-11 1.885900958252053972e-11 2.706306810001805442e-11 3.860609026446535295e-11 5.475212043083076726e-11 7.720759731141470791e-11 1.082640776038560942e-10 1.509838377290366314e-10 2.094398399518646677e-10 2.890271373543618263e-10 3.968625166466871582e-10 5.422971479492864992e-10 7.375651974360766477e-10 9.986036635108043419e-10 1.346064784758068611e-09 1.806554074548151751e-09 2.414113896907078273e-09 3.211947280027735510e-09 4.254390862030988070e-09 5.609041379098610786e-09 7.358937398555989795e-09 9.604572352176312997e-09 1.246533031341807939e-08 1.607988389295683843e-08 2.060457246917161642e-08 7.297829114956470058e-08 9.733439781018248846e-08 1.288004124953690089e-07 1.689296267045748809e-07 2.193374245662695337e-07 2.815376960449302524e-07 3.567001517758544688e-07 4.453462275507642473e-07 5.470565849839272087e-07 6.603288432750010743e-07 7.827638585863948958e-07 9.116763806121482418e-07 1.045002324700499331e-06 1.350107217180275743e-06 1.854564808220055377e-06 2.544060774083562480e-06 3.484044082071465486e-06 4.760590829355119705e-06 6.484616169435341292e-06 8.795120153537873991e-06 1.185985971453670202e-05 1.587107690295029710e-05 2.103358957462963619e-05 2.754305276562645652e-05 3.555480717612603369e-05 4.514846807916387774e-05 5.629970174528123924e-05 6.887315684070763333e-05 8.264463092697508357e-05 9.734563810477664316e-05 1.127092192349369345e-04 1.284969031561919754e-04 1.445003844040499482e-04 1.605270354642138035e-04 1.763834564532778800e-04 1.918662295968871659e-04 2.067639348986865687e-04 2.208680398732614989e-04 2.339890112534117076e-04 2.962125334613234713e-04 3.916014379524706689e-04 5.115470446961871811e-04 6.603322915411488810e-04 8.423295770841784632e-04 1.061696303550440637e-03 1.321920472441781742e-03 1.625191601509660662e-03 1.971600614368801928e-03 2.358222916054445936e-03 2.778212200955749393e-03 3.220149105251742926e-03 3.667984126384008729e-03 4.101956755641460346e-03 4.500713510143088299e-03 4.844441946696330381e-03 5.118229433509492374e-03 5.314465570404982783e-03 5.433348132876531997e-03 5.481435817928241409e-03 5.469095237851316106e-03 5.407952525024539193e-03 5.309072891635415424e-03 5.182018122055776117e-03 5.034583118810675301e-03 4.872912362625570273e-03 4.701775452044254511e-03 4.524863112573328759e-03 4.345055914018817675e-03 5.268705991157414219e-03 6.601166439964336122e-03
1.985876372310949266e-12 2.959440487147031004e-12 4.381494063278309572e-12 6.445177569797372434e-12 9.420910545825683532e-12 1.368486325260774602e-11 1.975701960685413158e-11 2.835174705648022637e-11 4.044445334123557400e-11 5.735939933974692198e-11 8.088433221291511603e-11 1.134200296157511978e-10 1.581747851957447935e-10 2.194158863798798465e-10 3.027960037825124753e-10 4.157721474331278288e-10 5.681432371032110375e-10 7.727305067426668438e-10 1.046237976508166640e-09 1.410315854591791939e-09 1.892862331128317219e-09 2.529586003328017385e-09 3.365825611396463096e-09 4.458639988496640573e-09 5.879073695652468968e-09 7.714503994367875087e-09 1.007084744956682354e-08 1.307421674809478360e-08 1.687157097932199284e-08 2.162936388360766570e-08 7.623161523374847968e-08 1.017546937928017273e-07 1.347817411238639926e-07 1.769872591579035462e-07 2.301378007609820843e-07 2.959296128999841522e-07 3.757407088672114713e-07 4.703089160693928757e-07 5.794018171713265355e-07 7.016145013714089814e-07 8.344867916441986884e-07 9.750742443553741008e-07 1.120894742036327466e-06 1.401476335381034668e-06 1.923750461653956322e-06 2.637089507022075237e-06 3.609057687761885621e-06 4.928694622507504980e-06 6.711121870039551282e-06 9.101356910946265802e-06 1.227575741079373143e-05 1.643869640756547584e-05 2.181160872562448762e-05 2.861179863137566930e-05 3.702069019361557928e-05 4.714576064262947962e-05 5.898714217613119552e-05 7.242385394427352326e-05 8.723072028811082977e-05 1.031226440738310047e-04 1.198059329772156620e-04 1.370133919734322931e-04 1.545120071253150819e-04 1.720899534227535600e-04 1.895380181644862186e-04 2.066368660164036406e-04 2.231561788168209587e-04 2.388642141353605752e-04 2.535444160113354303e-04 3.074518693633710950e-04 4.072289490654353288e-04 5.329460924127351956e-04 6.891980380803008725e-04 8.807098894235227066e-04 1.112033844378359669e-03 1.387092193072137197e-03 1.708537343172846683e-03 2.076926236187414884e-03 2.489755024599964173e-03 2.940471386007428769e-03 3.417700733760910617e-03 3.905027750708858509e-03 4.381743304276835074e-03 4.824848239882601267e-03 5.212236578083524058e-03 5.526351885435109440e-03 5.757105286656640473e-03 5.902922554156147736e-03 5.969611954085656501e-03 5.967778825964481677e-03 5.909982770655318463e-03 5.808550088701710905e-03 5.674338079469471059e-03 5.516302094007790105e-03 5.341546210140205551e-03 5.155596738276638745e-03 4.962724894749267687e-03 4.766250855070533997e-03 5.519266274729883043e-03 6.915090602345585341e-03
2.080435586648678321e-12 3.100356962978489039e-12 4.590123295341180375e-12 6.752071966326646816e-12 9.869499556353975803e-12 1.433648964657924328e-11 2.069778905453765945e-11 2.970178743164661446e-11 4.237035146007301687e-11 6.009082579743369914e-11 8.473613761686317810e-11 1.188214861706513167e-10 1.657081350580029433e-10 2.298669498201992016e-10 3.172204852921185811e-10 4.355821749047739647e-10 5.952200082562833970e-10 8.095702413529649007e-10 1.096140439939269017e-09 1.477626304628997268e-09 1.983280263193248161e-09 2.650556506784367174e-09 3.527031232746865260e-09 4.672615209030222863e-09 6.161965269345680483e-09 8.087004588622633300e-09 1.055933250022127303e-08 1.371211380356457985e-08 1.770099540865508788e-08 2.270304156172319478e-08 7.961342985218996908e-08 1.063504724310109295e-07 1.410021323111630159e-07 1.853698697810842850e-07 2.413792574694815763e-07 3.109197684409217166e-07 3.955929359520847426e-07 4.963742389305323548e-07 6.132469008464536759e-07 7.449388341125067320e-07 8.889642840638370779e-07 1.042140599991687264e-06 1.201556546062889640e-06 1.454969680601594737e-06 1.995779153220718674e-06 2.733897370902230886e-06 3.739057239532326235e-06 5.103323294901501319e-06 6.946093611514323580e-06 9.418486658114674074e-06 1.270557431966861612e-05 1.702404801175891756e-05 2.261231909470811142e-05 2.971005921623856664e-05 3.852614367662008396e-05 4.919826334623735324e-05 6.175451037769794115e-05 7.609253634204952456e-05 9.199010798451468657e-05 1.091476281778980489e-04 1.272441460062545212e-04 1.459810483285085099e-04 1.650971379533982522e-04 1.843584414244797860e-04 2.035380725861635762e-04 2.223998491085375198e-04 2.406940158374399035e-04 2.581648593175373918e-04 2.745673254459117855e-04 3.189287813746914647e-04 4.232341241993035994e-04 5.549285166223053706e-04 7.189381949368936877e-04 9.203627826626973284e-04 1.164173271952136492e-03 1.454753033952968944e-03 1.795248149515787928e-03 2.186718101445497657e-03 2.627124230326739664e-03 3.110262697405872991e-03 3.624869016121463287e-03 4.154234419864928987e-03 4.676766812200846245e-03 5.167850897655488877e-03 5.603036714959991858e-03 5.961953449261423940e-03 6.231740393400722090e-03 6.408693229909346797e-03 6.497545864925849228e-03 6.508936901926797025e-03 6.456299711840514030e-03 6.353280327638262219e-03 6.212157601134850500e-03 6.043194829508399465e-03 5.854595463718033355e-03 5.652761254782125155e-03 5.442638528533561178e-03 5.228059714786123698e-03 5.781732599869290022e-03 7.243936647604145955e-03
2.179497309160319484e-12 3.247983282887205442e-12 4.808686565342912143e-12 7.073579370574434563e-12 1.033944847031448132e-11 1.501914372184604382e-11 2.168335394770149646e-11 3.111611099565708424e-11 4.438795266788918350e-11 6.295231118284690049e-11 8.877134963691965362e-11 1.244801371518845140e-10 1.736001910627845213e-10 2.408156485630991405e-10 3.323317994823965749e-10 4.563354721103148434e-10 6.235860612125494185e-10 8.481641301688055276e-10 1.148419053187123961e-09 1.548141808781845222e-09 2.078003554086132799e-09 2.777287212783213585e-09 3.695913026809104014e-09 4.896779610830283201e-09 6.458328336813528659e-09 8.477245350704446892e-09 1.107108468842850676e-08 1.438040202398780547e-08 1.856995223438003319e-08 2.382792918705075282e-08 8.312827163975383920e-08 1.111279140722967700e-07 1.474699807130750737e-07 1.940888180084359584e-07 2.530770947319808132e-07 3.265286598119381015e-07 4.162841489364331767e-07 5.235785041433012526e-07 6.486403488392442231e-07 7.903679759256374615e-07 9.462898778681845932e-07 1.113013143416100175e-06 1.287193990747980010e-06 1.510670853761727026e-06 2.070764972679580177e-06 2.834639537778552548e-06 3.874252983737615482e-06 5.284760337388238617e-06 7.189911004280408644e-06 9.747012313810137998e-06 1.314996552931844975e-05 1.762796237957179175e-05 2.343673052545644243e-05 3.083898505091250736e-05 4.007235630338853213e-05 5.130704368885497842e-05 6.460262696112933716e-05 7.987990508865564637e-05 9.692405687938872717e-05 1.154238412278756168e-04 1.350311433164723526e-04 1.554134374258615619e-04 1.762776154480655776e-04 1.973641161070801978e-04 2.184260565523155095e-04 2.392091934819858511e-04 2.594437160731983389e-04 2.788492528188313128e-04 2.971509177532314153e-04 3.306371528829328750e-04 4.396095336975709852e-04 5.774871020779099359e-04 7.495487270399576974e-04 9.612920761659861542e-04 1.218132741009397531e-03 1.524943718747296664e-03 1.885397158365736568e-03 2.301093071601426326e-03 2.770503830785880309e-03 3.287830165266070626e-03 3.841985346326957148e-03 4.416043779413774545e-03 4.987604145327956782e-03 5.530478354379744430e-03 6.017841019013683325e-03 6.426354063889080231e-03 6.740095441984107934e-03 6.952851726095826169e-03 7.067914347960719927e-03 7.095697714658696573e-03 7.050407809517831095e-03 6.947047840001047483e-03 6.799442274280300888e-03 6.619320378467347457e-03 6.416140720012992668e-03 6.197315770265659531e-03 5.968576234735457377e-03 5.734351365871440294e-03 6.056668217935171072e-03 7.588411242210881327e-03
